id,name
83db9e86-d8e6-47b7-876b-0f3971148264,Michael Ball
571583bd-403c-440f-91d3-064f8cabee56,Sarah Hunt PhD
cb7e4d33-8aab-4a3a-89d5-a4e6143dca47,Shelby Gonzalez
ff419627-ca9a-4cc9-b158-11ffe480608d,Casey Barnes
05e35a9d-0f9a-4a68-b298-4b39178eb042,Ryan Austin
f8fb4c65-02b7-46a9-aa2a-1239e211138e,Angela Armstrong
cdf55850-8908-43b9-88c0-00697721e5d8,Lawrence Brown
deec0b8e-44d4-4154-8037-11a9f4e67746,Dr. Chad Chavez
fbb40a10-9672-4765-b505-e5b42f387a14,Brett Allen
59c7f770-05aa-4a8c-ab4b-93619d62c4d1,Angela Hebert
f680fb57-8382-4805-8005-f79b99b92b1a,Adam Rowe
4c831f87-1f2a-444d-8739-d88d7d35aa2c,Erin Flores PhD
013795f9-e4c8-463c-851b-cf1ffefec8b1,Michael Murray
d2b348a7-b78d-492c-b5c2-eeca0d9cb5a4,James Gardner
cb1fb4e6-72ba-4be4-b1f7-92f49e4910f3,Kayla Brooks
f39e0091-9859-4ed0-9650-9e50d857dd0c,Pamela Peterson
5f254ab7-da4c-4163-81da-81a481bc0e18,Mary Smith
23b500a4-8379-4403-a211-f00bd2cffa93,Elizabeth Miller
eab20297-8fe8-4a08-ab01-6f7a07c9668a,Heather Monroe
f6728047-ee73-4dfc-bd1b-7038431740d5,Jonathan Harris
ce0b45bb-7185-41fa-b17b-186f73b97eb8,Kelsey Miller
a44d17d7-cea4-4749-bea6-f420f908876b,Kathy Thomas
34ea0306-1559-46b3-8218-fa0fcc6f3a56,Barbara Ward
a7ff00b4-7b60-48a5-873b-f8920e9d34e0,John Brewer
c14638de-8c50-4ff4-b7ce-4a3c3d2532f0,Latoya Garza
b241555a-12fb-46f1-accf-3dccdc4baca3,Dustin Clarke
77ea4085-4db7-4944-a5c9-324d988035eb,Shirley Stone
c8d72cde-2575-4fe2-82f2-3d21c83eb82b,Holly Johnson
c34175d8-3711-41ff-8411-57fb84039c00,Lindsey Hunter
2e6b40b0-6357-4cb4-b30e-f45b99e7d2b0,Matthew Grant
b42699c8-3284-4b11-9d8d-f918980e8436,Lawrence Mclaughlin
7de5f355-e250-4ffc-8311-64cc4cc8d6a6,Katie Ruiz
d06b37b2-2c31-43e4-912b-cee132609cd6,Michele Allen
ce30855f-0490-46c7-93ed-e8f1cad7cc21,Adam Carpenter
51d733ab-0191-4187-9209-8a84231c5019,Christina Rollins
04a406cc-d261-473b-ac0e-f46739ff1b79,Aaron Gardner
ba8088c8-f3c1-4ad9-8606-75d68b5cd189,Robert Black
8261a87c-34e1-4da3-892b-d38958982437,Sharon Sawyer
351aa43f-dd5b-4c38-8771-d3a823587b69,Cassidy Gaines
b4086f09-243f-4905-ba6c-1a17ff858647,Frederick Wiggins
d33ea7c7-9152-47a8-97ec-ace12b8c9a37,John Simmons
d4cf51f8-d60a-4793-8e4f-26a8d8acd9ee,Teresa Lambert
af4c7e7a-8c13-47fa-9b96-439da61c406f,Karina Thompson
407e3708-c93e-4636-a7b0-7f64b8af2900,Michelle Wiggins
4244da43-3dfc-4da1-a4c9-1b69d9670924,Lawrence Clark
a28ba09e-04d4-4314-bedd-32087cf2a08a,Stephen Robbins
b1a0924a-462a-4cf6-b5f3-002e5352ae6e,Ryan Martinez
7b75830f-df7d-48fd-aec8-fafaa153382c,Alexander Johnson
9413e181-24db-4548-adca-970285e86b06,Brandon Parker
52a7dffa-c4be-4dd0-9c2d-fd0722519a60,Vanessa Schmidt
11cdf7d3-59a5-436d-9161-88dccbff6205,Brenda Dillon
86e61790-92c6-426b-a808-48dc8e386767,Brenda Kent
f7763673-93f9-4be8-b63a-965159a3ce04,Melissa Davis
199e1472-f8c3-491f-9a34-cd22bfeeb812,Desiree Scott
c57bee6e-9ca1-4fe0-bd88-edbb79cd16b5,Stephanie Adams MD
f2fb571b-b977-4047-af89-d5b2cd87c043,Jessica Richard
bb8e3cde-8ab9-4559-a86a-092f0c8acb04,Mary Gillespie
6bfca20d-891e-4306-b067-12851a31e901,Mr. Brent Ward
c1e9f996-0b1d-4b4d-93ab-644b14c9afa4,Michael Harris
2ed172fb-2bf6-45ab-b4db-f1efdcc83454,Shannon Alexander
99f81636-91b4-4354-9f6d-0daab57e16db,Douglas Shelton
db15f6b3-5a53-42aa-a4e0-3569adde818c,Lisa Townsend
d1b0728f-563f-41e2-9b3f-b43a8aa0bd14,Brittany Daniels
515eabd0-46fc-40e3-93b8-26df545e82c1,Leslie Cruz
e4396b9e-7f51-4fd5-a2ab-4c3d2693c230,Michael Welch
e8378acb-a3d4-47a3-9ee7-59a94942e8b7,Michael Steele
fb0b8922-01e5-4c46-b24d-ceb700fbc41e,Casey Miller
7c08f8e0-8e9f-4615-bf1b-05ab8bc923be,Sean Jackson
81e55842-20da-4efc-8f60-4e88eb7074d6,Victor Ramos
651b2bdc-81fa-4c20-8343-ea5964856ec7,Kimberly Jackson
d858ccf6-791a-4a8e-97c6-2ab73eb6dffb,Kyle Martin
8cdbac1a-7440-49e2-85fa-561cd117e135,Dawn Williams
1fd407cc-1ca6-4fa3-bd10-b7fbdf958765,Stephen Archer
ab9e0109-d971-4875-bda8-ca719fab427c,Cheryl Robinson
5518d77c-37ad-4195-a8c3-ecb9c216cb8c,Tina Collins
5029f613-4909-4042-a1e9-72cf10790cb6,Laura Holt
84eb0f2f-23a6-420d-bc8f-c9d509399dbf,Ashley Porter
2f9d841d-3bf5-4a93-9364-9c97e87d62d4,Susan Castillo
2f027858-b29e-4570-8ee9-cd8d0f1383c2,Dana Smith
c8a4def5-29d1-4a3b-b6da-b29b774ed736,Dylan Anderson
175c7153-8ba8-4d13-b206-b284a7296c0c,Janet Griffin
a31d71b8-6045-4e3f-96a4-d9942d33769c,Robert Skinner
836f4a29-111e-413d-b253-89a82b6c5d2a,Patrick Walls
e9e7d9b2-9b90-4613-a4cc-6f6d8c3bda9d,Travis Johnson
4d46ef3c-9205-4b5f-b367-84718488c54d,Stephanie Evans
2394fdd1-a505-4ecc-a6cd-47f621f7643d,Timothy Navarro
4629e3bd-7f3a-4be6-bd2c-dba2833b8d04,Derrick Brown
664b2d1e-238b-4217-b43e-16cb0aec1ce6,Holly Lee
e3bf7233-bb68-4a33-8114-70f156731c7f,Allison Clark
3dd41579-a273-428a-b214-15d1c7460cd7,Nichole Garcia
712340c5-a4eb-4551-9c4f-b17b94b245a6,Kristen Mack
dfa303ff-0727-406a-a555-e32cd3fb8e58,Misty Reed
b0ec74bd-c335-48a2-8e7e-909693075a6e,Cathy Castillo
cbffcc1d-e8b7-4954-9d1a-e4de62892606,Kerry Tanner
ccd8fe5b-0e33-46f1-9ac8-c08d6782e4a7,Robin Vargas
f9af56c4-b807-4ce1-a4dd-90ec0571f79b,Susan Lara
d66c3f31-d13b-4a5f-a915-4ea547f77804,David Webb
d387102d-7882-4497-8530-e4b5f43af83e,Rebecca Warren
4facca33-6940-4d7a-9251-8b79a6eb0298,Garrett Black
50f28c8d-db23-4ea6-b205-4f2f3263420e,Chase Garcia
c9279c6b-13da-4658-b3ac-b6aa4fe72654,John Simmons II
526f13de-f8bb-4388-a774-7c01d2948928,Martha Pineda DDS
a789281f-ea56-40f6-b807-8eb91822b44b,Jeffrey Franklin
5e99f212-ac27-4a0b-b395-f91dca896f68,Shelly Benitez
8d4f4158-fe42-4a0f-b223-1f84060b0c7d,Carrie Abbott
6d56d6a7-4deb-4ece-ae76-7993c7fdff5b,Daniel Cuevas
3ab550aa-2e35-48d1-9d50-02e3f5018755,Jessica Robinson
e997d6df-28d5-4a84-ba86-b556fa1f63fd,Keith Cook
3b6d42e2-f6ee-4509-9b36-33b583f19916,Jeffrey Bailey
1e8e7800-a0d4-4684-9b90-d6256e8d14e7,Donald Diaz
3b152e9c-6158-48c9-8e84-4b4f8e11cd16,Troy Henry
fc23760b-b1c7-4ad0-bf88-f9d7da6a0b92,Jessica Valdez
c128ea25-b7ff-4270-995c-a45c240708d6,Michael Cobb
b7b167f8-e2f1-474e-bbf3-c920b3f6acf0,John Fischer
850483f8-f3f9-4255-8cfc-8fd3204a89fd,David Buck
0ef82d7e-b699-47cf-9536-660bf522e145,Victor Hall
cc51367f-0269-472e-887c-348e2f5c55a5,Nicole Bailey
3083adb5-abe6-4113-8657-56235a6a669b,Justin Chambers
e39cf4b0-3c57-456e-a91d-4666f357b505,Shane Yates
65a86bd1-7540-4160-8842-51acd9b700c0,Vanessa Howell
c1306512-1460-4bb1-b3a8-68fa8a0f42d3,John Lowe
54d67aa8-00e2-4c4b-b612-630af3f1c712,Heather Gomez MD
21f4b70a-3302-482a-a5c1-7f1cb729cb91,Kathleen Rice
749d82ca-772f-448d-b485-e1113631994b,Sarah Harris
a4803086-a484-43bd-9fd3-51cafdb51c0b,Haley Obrien
d3ccecd1-1d6c-42bf-b50b-af131baace2d,Rebecca Smith
ae92e9d2-73b3-4c9e-b8e3-2a6bc2f755da,Sheila Fisher
a0eaea58-9aee-4969-adc7-10e5c17e581a,Victoria Edwards
0d66c645-8f23-469e-b9d8-25a90c9ae1ad,Mark Mitchell
0fca778d-9a03-4e40-948e-5f82f6581026,Ryan Watts
f967bbb5-efb7-4b2e-982d-0f0aaa692f8e,Samuel Washington
7914977f-76f2-4c19-bcac-a221d599a7e3,Jill Contreras
b5c2ef3a-1ce8-4460-a1b0-9c1e4bbf9295,Jay Haley
7b4d3d34-1ce8-4c27-93aa-8c06a44299cc,Sarah Smith
8c554731-b371-43d3-be36-fe6fa1ab02b0,Chris Graves
b5cfd600-41cd-4f3b-bfb2-ad9e28ae69c7,Joseph Adkins
696e46a3-5e27-48c8-bb77-07458b9393a4,Veronica Buckley
569c5e40-922d-4fbd-a20b-82d208a1870d,Matthew Bryan
2abc6b73-8906-4157-970a-65a3692b0f79,Stephanie Nelson
2cdba2a1-f1ed-4004-82bd-9fa3cbef9f2b,Daniel Jordan
556a7ac5-8ac1-4f91-b387-8b46a2e172c2,Anne Jackson
ba04d767-7ede-4efb-91f1-fe0a21f15145,Richard Holloway
929dbaad-7a40-4703-8856-10c20b51360f,Debra Morrison
e369e457-ac13-4e62-9093-0a0f0fc3567f,Karen Obrien
abe57d1d-c5bf-4796-a8f8-74908d40eb1e,Ann Yoder
4e99fb5e-d7ca-4211-ae49-1e835bbe2fcd,Brendan Hawkins
7ca61db0-31de-439c-a82c-39bb353185a9,Rebecca Carr
fa2b485c-b745-4d3f-bb62-8df37604a0c3,Jessica Bauer
74a0b883-f911-4f86-a6eb-1ffaf9193e39,Joseph Fletcher
1e4cab05-7ab4-497a-875b-1817df4f4bfc,Heather Ritter
792360fe-47bc-4fed-be83-f65c5b66d219,Ashley Roberts
56e31089-bd3b-4746-b7da-6f85a3b5f4a9,Kaitlin Hall
3280d848-c73d-4db1-99ba-d9eda1aa467b,Justin Barrera
efb02651-da14-4784-bfe2-1a6c6bcb713e,Madison Mcintosh
0331a2d5-0a30-487d-87ef-a641b6e3a826,Gerald Hicks
67aedbb4-8f8a-4fda-9eda-4e4bd5f8380a,Christina Gonzalez
69811865-f4c7-4d3f-b95b-faee74d9a7a7,Erik Mason
1eaa94e3-e373-41bd-a48f-10530c5207c0,Eric Schroeder
01b0ffae-c682-4f1c-80cc-f271ef070200,Lisa Mason
6ea368db-ba18-4dc4-b142-a7fcf7654814,Jessica Wade
9b627e61-a4c0-4526-b022-432a39e5e903,Jonathan Johnson
9b2b6294-71eb-4e1f-9fe0-9286622dd429,Dale Colon
e9b37932-8f31-40c3-b14f-ad2dc04da0fd,Robert Lee
5bae6c33-f3b3-4ae0-a89a-e880a18a684d,Carlos Bass Jr.
22fbf502-639e-497c-94a7-e916442a9d3f,Lisa Pierce
6cee67ac-41f8-4f91-ac4d-dfd2b61e5a53,Gregory Hayes
9b9a3ea4-64a8-4d64-a3c4-0151c5b5d9a5,Destiny Tran
b933d7d0-c4b4-4244-a515-2e931837ee9e,Mrs. Melissa Bernard
cc67aaaa-5ed6-4fcf-b674-37f49b7a673c,Connor Hernandez
bdd702a6-fcd2-43a7-b888-2540fca32de7,Scott Jones
25fc39e8-aab8-4a2b-a07c-8e1f193c215a,Alexis Mcpherson
029b82bb-6dd6-4d9a-a6d7-df0017914831,Derek Cox
a969a087-0d5b-46f6-8ea6-d029088dfbc9,Christina Patterson
6f072fd2-8b4a-4bf4-bd18-8b7e1b18b563,Sean Bates
517de1ff-ee8b-4a2d-be83-b1f4052d832b,Stephanie Love
854a1646-b6d9-41b2-967d-2213d00f0c62,Scott Smith
ac900dd5-8e30-447d-b36f-666f881e0e19,Brandy Mcdonald
aa7c6767-0aa0-4903-b591-b5878f95daff,Douglas Burgess
3147e738-8dbb-4404-9b2b-d6543a4ec790,Amy Taylor
f51395a4-4e91-4ae3-900b-faf1776c1bfc,Hannah Davis
455cb48b-143f-45ab-96f4-bcd3c111bbe2,Timothy Meyers
9856219a-64a9-4a65-bd42-03a0eebf0f8a,Mr. Clayton Kramer
976f0ae0-39fa-4f12-8166-ed4cdbd5662c,Jade Martinez
6b8c169e-37ee-4ecb-9b08-82bd0409d761,John Hall
9ebbe5c2-e631-4142-94dd-5e4471229804,Wendy Bowman
1eb20b91-434e-4e4a-8c41-e3fb2a56b387,Tamara Berry
ce4db142-b7a4-4581-b9b4-7d6f1e8fa529,Nancy Rodriguez
0d94ca4d-bd82-43f7-81ed-b3808a0bd92c,Michael Lucero
d7378b25-9460-43ae-9c18-4fe97acb0082,Kathy Harris
3d813cc7-211c-4f9d-8828-a0a15c4f204d,Eric Young
0e6415a0-8ff8-4826-bd19-d47ad6a0e8e6,Diane Davis
5eef11da-ba35-40a4-89c2-685b64bd88c8,Vincent Clark
9d46e8ff-17c0-431d-ba80-0c9f42b4e203,Beverly Peters
cc49512f-c19b-4e3b-a78e-551cb03e76ba,George Bennett
e55a05b4-1240-4aa7-88e0-89f79182ff07,Brenda Miller
93a1e526-886d-41e2-bcf9-0a75f9323a8f,Laura Hernandez
4cfe882f-a53b-4e76-aeeb-45277ee479f5,Diane Marshall
03669327-e513-42d9-bbb4-79d620ae3fdb,William Kelly
0b89780c-1d3b-4694-868d-6b6c477f33e8,Donna Garcia
974a52c5-8c7e-4992-931e-5b31ee70f9f2,Courtney James
07fa6014-63ea-4225-9d98-ccb498e34c9e,Sandra Norman MD
929daf04-2f57-4e87-8ea8-2e9e7d13dcbe,Jerry Thompson II
b0c9bf5d-ba79-4cb6-8c1f-3f76eadf7dfa,Philip Haynes
afdb9ee7-5ddf-4842-b480-cd4f623a4618,Nicole Curtis
bc5e92d9-5d67-4b79-8a60-03ef1a00f833,Veronica Garcia
6827f271-b343-40b1-bb3a-86d4e31b3aab,Arthur Evans
4d0ac6bb-7d62-45c5-943c-da1e7358ac81,Melissa Sanders
96a8cc4b-3178-4f4e-b105-7290b333ac02,Anthony Stout
0f6393a7-13d0-4e07-8c24-d7db77c235ce,John Marshall
4dabad8f-ba9e-41fb-9d19-40fd1110a945,Tamara Hinton
21a7d3ff-9cbc-450e-9c39-a159f030f2a9,Gregory Garza
bdcf3199-5ac8-4bfd-9c76-699fe1aa4aa0,Erica Walker
963cba51-3aaf-48d2-81d9-afb9e79e30fc,Ashley Patterson
53949c44-2768-491d-a90b-068e7dce14c8,Julie Taylor
554845e6-8d3a-4bc8-b3c3-f7a087b3a564,Debra Simmons
634e4456-1910-492a-aed2-55fb3f597f35,Charlene Robinson
2a18ae0d-eb0b-409f-81d2-fcf9771578c4,Tanya Craig
94caca7f-61f5-4676-9a08-186f44d5c86e,Angela Smith
dfd1eb59-7c46-4824-8d18-171db3c4fd0d,Matthew Jordan
ee652d3d-a378-4a74-9281-3f1d842b535f,John Larson
b757b594-cb70-4729-9306-8f40f1217606,Jacqueline Morris
0643d078-036d-4ced-9e6c-85025fffcd58,John Norris
350e34e0-2e33-40c0-a634-6e09c36415f3,Cameron Martin
92265c15-a777-4ac1-8571-5fb34e5840a0,Kayla Brown
dd5bb778-f251-4375-a708-457fc9d17290,Rodney Berry
76082677-ddd5-4280-bd34-e9054772e63d,Martin Cook
794a6342-374e-472c-b240-0a859c1a7ffc,Alyssa Alvarado
dfa769ac-f903-475d-93c4-71ab4dd7d9e0,Debbie Lopez
d6a5ec33-08d1-4ec4-b826-2bd9fc292047,Daniel Mendoza
4d2d6c81-ad4d-42d8-85fb-29b9e942f632,Edward Ortiz
19ca8857-0032-4af1-826a-a567ff0cc651,Brian Davenport
293b079b-dffa-4093-8d0a-94f8d1385553,Lauren Hill
faf0a7a1-fb46-4f96-b376-064aa70bf6aa,Tracie Martinez
31be491c-c57c-4e71-b615-f061408bc783,Patrick Richards
d2c4ae49-1083-4f69-89ff-26f701f51575,Lisa Lopez
597dc111-e128-4a2f-ba7c-c72f15077def,Shirley Guerrero
2fa0eaa3-acef-4066-b8cf-a5a3d8fb58a0,Sandra Dixon
8e28cc5a-86af-47f4-9363-cffb6ada9243,Wesley White
a84fc028-e27a-48f5-bbb8-b9e758adee71,Dustin Macias
4dbdb868-e6ae-4a17-911e-fc90ca33527a,Andre Sanders
f26eb83c-0138-46d1-b20b-67ca18961aa7,Derek Marshall
a179ac75-02a5-4509-9b9b-101a3493ecb8,Rhonda Small
dc119ba5-b089-480e-9648-f0aac98b3bee,Ruben Bennett
3cd3bd66-8a17-4ee1-8665-3e9117b9187c,Scott Reyes
2d8389d3-21b8-4cfd-8a37-6f0e79f2ce1a,Brittany Brown
687f9085-b050-4d3b-b0a6-a296e5d2694e,Seth Frazier
a2b824e3-3796-41f7-964b-1221499eae16,Christopher Barnes
65567ab8-2c4c-471e-9c0f-d132572bc2b1,Leonard Jackson
9e60e7e4-9af1-4c40-aa93-460e57b59161,Dr. Shannon Carter
1f1b6261-6ec6-4b9b-b5c5-64c51399fa96,Jodi Mitchell
85aa2c2f-7fec-48d4-8754-e6c58f83cc49,Danielle Gray
37cc28a9-f53d-40aa-a504-cc55b186b020,Courtney Harrison
56be73f3-39fd-48ce-bb68-44ec6905f91e,Rebecca Rich
288448ea-744b-4c80-b9d3-fee56cd72dce,Jessica James
06bfdf9e-fedc-469e-b94a-4bd915f5d2d7,Jonathan Graham
ea5a2ab5-211e-4ddf-8203-ead57b10e69e,Joy Peterson
8cf283ff-fe03-4054-8bca-16fd765a86c2,Christina Terry
15c2a32b-d0fd-4848-b7b6-34843cfa77e8,Jason Richards
855523b8-26c6-4545-8acf-409f4e8d7d6c,Connie Collins
8eebe002-bda9-4a8e-99f2-467217e40cb1,Jessica Thomas
557f4cee-849d-47e0-ae30-15f27a664d13,Melissa Roberts
97ff166d-9cc0-46e4-ab58-2f6965f3fc71,Andrew Stewart
31a1e583-3b6b-4916-b80c-c9eac92d9be8,Mary Dunlap
42f0ac0f-2adc-4d7b-aa0d-f58f8a8abf00,Susan Phillips
db2f9be5-1695-487a-9f68-aea7483b6a95,Patrick Thomas
60fa3086-87f0-4460-91e6-0e0288b2ccd1,Karen Garza
4bd56e8a-6cb2-4c80-996b-e066a523c627,Thomas Houston
a5b100fd-64eb-4821-b0b6-9b21c7b507d7,Erin Lucas
22aaf9ef-c9eb-488c-8b70-af42d12c1f51,Jessica Taylor
cdc762be-6c4a-4260-8a2c-f35af24811e2,Nicholas Gray
5715f158-ae26-471f-8c77-6eaa705183e0,Pamela Lane
b6c4f202-63bf-467b-9bb6-49ea846a1f77,Stacey Miller
47aa530d-26e1-4524-a5e2-731f3bb25afb,George Garcia
4e896f27-32a5-409e-ba5e-2867a270353a,Wesley Jenkins
926a2080-649b-460e-a467-c59ba8f69c9f,Kim Moore
d9b03fd1-3a7e-4c65-9014-8e533159ca9b,Lisa Murray
d4f21ea0-75b1-472a-b491-258107a80422,Sarah Ross
d16f00f2-522d-4302-9553-43d7b464b405,Jennifer Sheppard
7ae04905-5c86-4eaa-82e3-3a8efe0e29db,Tracy Garcia
abce41d4-c0b0-4209-9b41-a7965b9b7294,Jay Cruz
22fe45a0-19dd-41a0-8917-0d343d810e15,Matthew Dawson
d23f4084-82df-4211-84c1-42b96c5c7c4e,Mikayla Rivera
286af837-970f-4365-b3d0-be675e62a42b,Troy Hayden
0a69832f-e0bb-42b0-8b0d-ae5195db21fb,Jody Valencia
b5f91d49-ed95-40ed-99fc-ccc5271e5583,Lori Chavez
fde9afc2-cf9b-40e9-bd41-fdea525c5591,Sharon Evans
37006b15-4705-46ac-b11a-9f00cf177653,Carolyn Moore
a34a735b-fa42-463d-bb59-bfa4ab7beaea,Daniel Kelly
9875aed8-fc9d-4f55-9403-330df5332db7,Michael Dean
a3f8f524-1e02-4889-9ebb-3332da6a4726,Kimberly Schneider
a2f05282-d43c-4277-b67b-3b7a76f24529,Michael Gallegos
04a0748b-4747-404b-a5b7-1f875463109f,Charles Adams
c76905db-cb23-47c1-b2f3-7d08d428a6e1,Andrew Aguirre
29efea86-6ff3-4961-9371-a40d6c78f6a6,Michelle Roberts
9dca3470-9464-4a11-b527-ad62952cfc96,Zachary Holland MD
b3c9439c-97d2-428d-9312-dacb86197eb2,Lydia Khan
3f984266-a17a-402e-9ca7-9f58b08241ae,Susan Mann
4bf10c8d-8ca0-4d46-8c14-8dff396871a1,Blake Matthews
9d562404-e26e-4b36-b07a-f7090c190cd5,John Washington
ec97cb01-535c-4642-b008-b8e575fbfae1,Eric Adams
320f3847-cb2a-4251-b3c7-aeccd40640b6,Michael Figueroa
d037e9d2-c78f-49cc-b725-7a58f9c38636,Trevor Rodriguez
65827907-67de-4fdc-b7d9-0c1da2dd4e08,Sydney Wise
0c7dac51-9d9b-492e-ab40-ac7eca1a8550,Mr. Adam Carey
ab41da10-e013-43ff-b9eb-168493a571fe,Jonathan Rowe
f38741c5-1809-4c1b-a36d-73e553ca9b30,Amber Cortez
e6fbb336-ce17-4353-8a8a-4005fe04512c,Julie Fuentes
3cf10824-42f3-4388-8559-2969a289f266,Carrie Russell MD
67b3fbdd-6ac2-470c-8b6d-ec296889753b,Teresa Evans
85ce40bc-60c2-4bfe-9738-dfe369e3d44d,Ronnie Anderson
c2b01616-df1f-4cb9-93a2-86754fe18ab7,Amy Farmer
01d98815-b515-4728-875e-606ca3da3ec9,Michele Mayer
988dac87-2d1e-4c69-98e9-c4a96cd98a39,Karen Patterson
b597319c-905e-4861-9077-cb36decdfcad,Thomas West MD
a27e3a18-0704-4d02-9705-2948cfefceee,Lynn Ramirez
6ccc008f-e3b5-47ac-8cb2-585dede7ced5,Kenneth Nelson
f5d6b6ac-ed45-4ff8-8ee3-0e68c0e54a6b,Glen King
55a133a7-216e-422e-aec7-92248a1c2bba,Mr. Brandon Thomas MD
07e32331-8479-4d76-98eb-7179044a2d58,Brandon Lindsey
99f49c66-52bf-4e32-9c1a-58c7f2a5b273,Michelle White
bcb32893-be9c-442f-b8ea-18deebe942e9,Andrea Bentley
3588592a-c010-4d83-a065-4d72c7953636,Timothy Waller
0c871c5a-12fa-495a-9951-270a6e91acf8,Elizabeth Hahn
7815beb6-462c-4bad-aa0c-3fb26f23f839,Bradley Monroe
12587deb-3b41-497b-a200-d5812103c855,Rebecca Jones
78ba9aef-7493-487c-b3a2-9f5d116bb4bb,Steven Flores
c450b6e5-bde9-4ca7-80ef-6d114bc80555,Christine Gonzales
4d90af8d-d350-4d36-9ee4-907a2c229159,Roger Carroll
2dbadb6e-c6ba-4788-bf98-d21a5ecfd63b,Jeremy Shannon
d9deff23-f138-445e-a57a-95818f55b19a,Susan Bennett
7daa0a60-8835-4096-a847-78d4ff89716e,John Lowe
5c1a88c4-d0fc-4e42-887a-6d7eb0a6f232,Scott Perkins
b0dc039c-fad5-4059-bfbd-2bc4cee4faf2,Darryl Green
02a5ed2e-6368-449a-bf68-edb217da671f,Richard Pitts
15fde546-a09b-4903-b533-c51b56a0f8f9,Joshua Wells
5d7144a6-7ee1-4284-a1cf-6e2e59197af1,Russell Mitchell
88819f14-b8fd-4eca-95f9-1400013e335f,Christopher Graham
f8644788-25d6-446d-b9e0-17c842390d6b,Louis Walker
97a1bd75-35b1-4e1e-8f32-9ac9026e4abb,Connie Harrison
a3e44c90-2f71-4ec2-8238-f1dbe6547e3c,William Ayers
cee8d177-586a-4302-b890-5df64f5b235a,Allison Harris
d6480a9d-7f2e-4180-ad59-00cca6738189,Yvonne Watson
6edb7e5c-fb17-493c-9dd1-a417cd21b512,Tamara Wallace
54da4550-9f3b-4d82-9c3c-6f967fe51282,Randy Lyons
9532a2d3-7ec0-4056-ac2f-62dda2be160f,Joshua Henderson
d8e4ddfd-b586-4d7b-ba30-fd25151bf9d4,Maria Cherry
cd2c6812-891a-4c83-840f-86e5495d2767,Nicole Jackson
a6de2876-0fbc-41da-92af-a19c02dbc3b9,Benjamin Gilmore
5a78dd2c-7ff7-4017-acfd-7be5e5621ef5,Ryan Rose
8643cc7e-664f-4cf9-a5f9-768c87f69d38,Steven Wood
dfdf845c-dcaa-4b6b-aa11-01c60ef5a49b,Kathy Thompson
46eed688-5e7f-4cd0-b5f5-49ceaf0c0106,Edward Mclaughlin
3889b4d6-ef46-44fd-9c40-9bb7853e7f6e,Elizabeth Davis
bc469dd4-e463-4e10-a12a-4df5ec96976e,David Thornton
b3e6b9e3-00e1-44b7-b1f0-335df2e2783a,James Mitchell
641acd95-13d7-4a85-8685-249bdcee175e,John Roberts
8f920cd9-d4ae-444b-9c2e-b80bb3247f44,Robin Reed
34bc0675-203d-4ebd-a46d-37e2ee00e1df,Tara Osborne
95bef447-d527-44bc-a72d-d977eda5433d,Brent Conrad
47b0d9bc-2c89-4a69-acde-a745612f0f3e,Laura Sparks
0e6daf09-018a-4671-9cc2-96ded2751296,Michelle Mendoza
aba98cbf-1e7d-49b5-a1b5-b67c27376f81,Pamela Davis
53593319-3dc0-4738-8283-c7a3d6713d46,Lisa Aguirre
97c43a06-2112-4391-80af-7d608eea0b5d,Cole Kelly
fad7c783-e31e-4e7b-9e98-ab8dc9918737,Jeffrey White
ca7e9121-1eef-49d8-85f8-8b6a891fd886,Margaret Houston
1b268475-ede4-42af-92f7-1ad3de190e46,Kathleen Lucas
e1098599-6545-41bd-9a0a-2f168459f14e,Jacqueline Wilson
3dae3e53-25b2-49cc-a96c-ae47350728f1,Paula Craig
97ac3069-74d5-46f4-a92d-2a55ac24207f,Dustin Santana
0999a7fe-d072-43e3-ad52-736ecf287903,Victoria Cameron
bf8ad816-e347-4e5f-84ea-bae94d2122e8,Stephanie Price
8c0485d5-0a3a-4181-b8bf-bf3513b64826,Madison Mann DVM
8141001b-f0ee-45fd-a1fb-7eff132b6c26,Christine Waller
f4436ccc-e306-451e-9cc8-0a0950c8b70b,Cody Vasquez
748d3322-7e21-4949-b11f-38e1e4742d88,James Anderson
258b350e-4404-40c7-a4a6-7edc17b6dad0,Mr. Jonathan Taylor
b49ceb68-358c-48df-b6e9-38c94956d65f,Sarah Smith
e37b74c2-91c3-493c-b503-f8305faf8d5c,Robert Kim
60f3f4c5-94a0-4eff-bc9a-e6ffb3578764,Samantha Ward
0b90cb8f-1540-4775-b20d-38d228ceff81,Mark Olson
8a9e69f1-8a2e-4294-98e3-1d4a7c2d1bcf,Kimberly Johnson
aa5c238e-00ae-4b28-82cc-9f9c3f381ea9,Cheryl Wilson
586f5b99-7230-47d5-beff-e175e02c9cd6,Deborah Patterson
b5dd121a-7e4b-4d92-8055-d3c513fcbb99,Steven Hansen
54857d29-bb32-4250-9bb8-3a8c7630226f,Mrs. Karen Martin
db881819-882a-49be-92e2-2671faf323c6,Brett Brown
397ec3ef-8a31-4a43-84ce-a89649a0f847,Stacy Ferguson
3f1c85c9-06b3-4b9c-be94-7c13a7938920,Emily Liu
c792a98b-ea3f-44ca-8f85-4611cc745137,Gilbert Kim
2557a62a-106b-405a-bf82-0e8a0006f7aa,John Paul
27823177-78b9-4a6e-9a2b-325f0055f54d,Harry Smith
304cc90b-7d4e-4eaf-a2bc-028fa0df818b,Charles Johnson
26bf5c7f-aa96-45eb-90ae-e902f0a9d7cf,Christopher Wilson
15f4b001-c45e-4df3-8f7a-bd8df2a4d486,Michelle Herring
416aa309-7776-4a1d-b681-8541e074350d,Alison Benitez
aa419917-e0c9-4ab0-bfae-66ef8d6b513c,Amanda Young
c2ad8ec3-25b8-4ff7-9502-cb2df5a44796,Bryan Thomas
8d3b8125-acf2-4c2b-b568-b6b70d1d5732,Philip Sanchez
c6fd5e8b-ff07-4ee0-be15-ccaebc258dda,Mr. Roger Johnson
6454453d-f195-475c-9ea1-a0d24414bc40,James Calderon
0f010840-4644-4828-96fb-814e4df193a0,Kathleen Kane
bea128cc-18dd-4ed9-aff8-a91a9399d291,Joseph Shah
e78fb71f-c492-4aee-9f58-2974a8f625fb,Louis Davis
30b32d95-707b-45af-be96-12fc59019510,Jacqueline Cuevas
5a194b51-e725-4e29-861e-fd532bfe26cb,Maria Cabrera
bb8b6e54-7bc5-4f2e-bf6f-ebb3f5a69e9a,Steven Robinson
3d8aa134-0d7c-417d-b8ee-b510a35b3ab4,Emma Harris
7a679f71-999c-40d5-8fc3-2ee4b88f27ab,Jill Mcknight
ce6f2c6c-cca8-4cce-8ac7-9a4f5fa2e506,Madeline Smith
a7919c19-d6e0-4d0e-b325-88d68930a24b,Todd Bautista
4b896ba5-bc30-4671-814b-749ba02eca41,Valerie Howell
3b13dcd8-6de6-4007-b8be-063d4ef9e3b5,Miguel Evans
b791c44e-4ff0-4a97-be68-ba83bb5a5022,Annette Turner
3eaa467d-0e8b-48b2-8177-6b998d361f7a,Michael Harper
d3ac4465-c011-40e7-85ac-1d1853332b30,Mr. Nicholas Smith
7e6f788c-244f-403b-8034-ad172a229e4a,Sara Spence
44e11eb2-1b09-4b2d-983b-5d3677130221,Brandy Joseph
aced888e-11e3-4f4d-8156-f1423febcc6f,Carrie Franklin
d5ec4ca9-640f-470c-bf3c-393c29f1ba74,Joseph Brown
efeee875-06e1-4cc7-b3df-7df62967f3c1,Robert Dillon
44e43f48-069b-4bef-b8cc-87ff66817173,Karen Brooks
fd16a17c-8771-48f1-8507-8bcca719265f,Kimberly Coleman
4bd8eacf-0cc2-4857-b288-6859222c987b,Brian Estrada
a07f45a9-dfb8-4be7-b658-d3458ddad091,Matthew Williams
58544f95-0e63-4bb2-9cb3-940bcc4ffaab,Jeffrey Woods
bdcb5143-e117-4e6a-82df-d68ac0525ddf,Ellen Jordan
67d3eb26-e879-49de-aa99-786a29fc64c5,Robert Everett
5feb0539-c041-45a2-9947-2de9eefe5134,Wendy Sanchez
9b340853-0cc2-486c-9650-75062c9cacfe,James Brown
050797d1-bcf3-41c7-bd29-f8131231e750,Christopher Owens
c73fe5d5-f726-428b-ad84-268753686fcd,Angela Clark
b3973b40-f95d-4ccf-be31-1b0d3c580b78,Jared White
d022d212-2a34-43f8-9400-485ec1d1a07a,Sabrina Hall
d80521c5-d83e-40be-a462-6a1a26c06a98,David Gomez
2187e177-96de-457d-9ede-b47aaa76dfbd,Whitney Collier MD
65ea3ed3-ff16-49a8-abda-1d4acef3a455,Jeffrey Foster
6d7a3873-b971-432b-a7a9-9ac1fd813aa0,Corey Francis
a1aa7409-c272-484f-a52e-a1f2457b4eca,Jonathan Lee
92c61ce6-ae8d-4b26-8d41-c63b46978d84,Charles Edwards
6c92f71e-00c5-4aa5-8aa5-02c103d28a26,Amanda Watts
e02f36a1-0997-4f95-9096-f1d0e347d1fc,Bruce Henderson
fa530215-c1ef-42c6-a512-9a38f16bd2ec,Miss Carol Garcia DDS
ee4bbdbd-8af5-4f0b-b277-1a428c58f128,Dave Murphy
4ff6b36f-dab6-4a94-8506-7a7fc4c1c377,Anthony Jimenez
95392cec-f3b6-43ed-a171-f342f44743e9,Renee Clark
29edb238-0871-47af-adc5-e5e444c597ef,Shawn Williams
0379ddec-7ab1-4dec-8bc4-78ca13b4b2a2,Karen Pugh
25ade181-3f85-4a89-82d1-3f8bc39f3cf3,John Farley
2f92599f-28a5-4228-9afe-a725ffe5ca42,Nicholas Ballard
6b5d843b-2b8c-4afe-b3de-6b30801fc625,Marcus Wood
acda3107-25dc-4116-a63f-47947a54b089,Ashley Meyer
1118246c-9e10-4e30-8c15-a3bc4d79716b,Jessica Cole
b24b16dd-9577-40bd-9a27-c3c183d53aa8,Ashley Anderson
a304d288-d34d-4b65-b25d-d2b6273d7759,Stephen Hughes
a93a5030-8508-4dfb-a3dc-740ede023a6a,Dr. Lori Nelson
e11e1742-83f7-49f6-80ea-30557d0dd482,David Thompson
af20964f-f0f6-4f31-8b0c-197757b244e7,Kelly Carpenter
dee0440a-0a46-4a39-8173-f1c9c6db3346,Maria Phillips
0bd4cfd4-b859-4a14-9eaf-f729a01c513a,Dana Moore
b31b691e-7f23-4441-8b22-7001a3654a0d,Adrian Harrison
9985e4d0-ed2d-482d-9ece-a1ab03497482,Timothy Ferguson
92a4d70d-a946-4786-9339-5b20e9da4563,Brittany Wells
ffc1cbe1-4a90-4917-af02-6fc038f375f6,Luis White
53f125cb-37e2-43a7-9482-36218a94fbc5,Gregory Dennis
88a69032-5050-4e0d-915f-6d2effe6ce00,James Jones
622f4ef4-6ae8-42f4-a0da-0b0345c03dae,Heather Henderson
bb5c0ee5-f244-4287-b08b-508b19ad85a5,Kimberly Morris
15236716-90a8-4118-a8da-350d00e12533,Andrew Lester
18367c1e-472e-4af4-916e-f7c107cd3346,Lydia Williams
d82dd757-0070-4d59-b9e6-5b2cf7677bca,Courtney Dunlap
700828f9-78b0-4618-a181-3cb3ba2b0715,Rachael Kelly
50b77439-aef5-45e9-9bbc-33856c2bf1d6,Emily Parker
08f5f6cb-a194-4f6a-9924-b47ed647b7e0,Jonathan Herman
7d84b9db-a7f7-4ae7-a7e8-41807d5ef14d,Carla Murphy
641f0a77-7ce5-4113-8073-c6f35fb37d6a,Amanda Kaiser DVM
6d681dbe-af60-4956-a886-2b95880c5eac,Cynthia Thomas
b9f5c2b8-5f65-4bc5-881d-c5e0b9058862,Kathryn Black
9f4583ed-4015-48d2-9d0a-07ec4aeb03af,Alec Ayala
2a4c3d7a-500e-41c7-b36a-69d526d8a5ca,Christopher Cain
fa413350-731a-4125-843b-d419cdddf771,Jennifer Stevens
89218783-5247-4bb6-9ea2-807e5ec9252f,Gabrielle Hill
e741cb28-6a5e-4176-9d0a-5b56ddd77c1a,Keith Burgess
9114dc9f-d754-4ab0-8ad5-d1c852a50c79,Amber Small
b7379305-443b-4c1c-8678-862f96ab1878,Natasha Carter
746fd749-9ae8-404c-8717-f3c7e862d228,Dana Hensley
ba9a62af-ff71-49b1-936d-7181744a70f9,Robert Underwood
8f27828b-85d5-4005-a23e-78eb94db6e3b,Casey Estrada
2ae68b77-eade-4cdd-a5be-527d80b0c4c2,Emily Hall DDS
d2a8ce31-fe1b-44b0-9829-ddc3095ca71f,Scott Cabrera
767acd6c-78fc-4529-b488-9f99cba24398,Emily Perry
c3df99e3-afa7-46cb-b97f-45590a9de195,Cory Hansen
782fa9eb-dbc9-4230-8626-7911c19db18e,Kyle Hart
d6a55da1-7cbe-4ac0-a378-c341a8a19d64,Corey Rasmussen
026c9d8f-ff71-4ed3-b71b-d8569724b89b,Gregory Wyatt
86d973a9-34bb-43bb-a354-91b9dc9de589,Savannah Nelson
f478d5fc-98b9-4d2d-b361-1ffa3caae9cd,Kristen Ramirez
1b390cfc-8cef-4631-bc9f-00e63c6e508b,William Oneill
4f01f6ea-dea5-407b-869c-b20909b2cdb4,Larry Ward
c4987188-3a82-4d16-94a7-6036ce733082,Christopher Cannon
95b21d8f-e2f2-43f6-964f-237f97daacf9,Steven Williams
559abb1a-d698-4f76-91ef-4f5d53f56c58,Tina Grant
95947a51-da67-4685-ac6b-b3eec57aeae0,Kristen Acevedo
76a73a86-f389-4d3e-b2df-f7e203730a93,Courtney Lee
c43a66e3-7719-45a4-b512-0a013c3789ed,Richard Jones
f44c5d7d-9ea3-42d6-9d33-b1f107a08544,Sherry Thomas
7cf1cdec-a110-4adc-a10b-8b9cf416a2ed,Traci Patel
8aec7811-bd32-44c3-9e3f-7d6f925209b4,Adam Murray
da799d59-bfc0-422e-b967-6ad2ab7bee8f,Daisy Rocha
2b02eb59-02ad-498d-baf5-04a16d455734,Anthony Allen
5c9572c7-3bf9-4b81-a1be-f6d6522526b8,Shawn Burnett
872f1607-2063-41cf-8a35-c56881d0beaf,Emily Briggs
bff007b5-902a-4c8d-9d29-f5296905c979,Daniel Monroe
d8e5e421-1737-4a42-b623-29b64ef980ba,John Phillips
411d2d10-28d0-46f7-9bdd-0016ca7662c1,Justin Farmer
d6ca4532-a6b3-470d-94d7-29dfd97427fe,Rhonda Ward
1355da9a-f8d7-4c5b-8043-0f1a401723eb,Victoria Villarreal
e42fd02a-f150-4c3d-b515-852f76e8d2a8,Rebecca Thomas
8dabf8a6-bb31-44d8-ae81-45e82001f358,Richard Baker
22da2faa-4213-4a6e-b88d-c3fba1a358d0,Jonathan Johnson
3be7a56e-102a-4e1d-900b-8a5426dbd44f,Lori Murphy
eab45c8e-1b95-41b1-afb7-1f9ee2be3920,Cynthia Martinez
1f80b94d-0d0f-4b04-aae1-c1b83df79c7d,Samantha Arnold
5f55775a-ca04-4733-af75-84029e5b5635,Rhonda Watkins
33ed6c68-ebb6-4078-9a1a-72d17ca3e13c,Jeffrey Joyce
176ca731-39a4-4d01-8065-ba93d3b4f19e,Molly Kent
e37ad58c-a09c-4986-a742-3e264ebd1842,Jaime Wood
71c625e6-70d9-49dd-8e42-09cc3f3dc2a9,Krista Young
a78ee261-2913-4bcb-a93b-4e3b4b0f77d9,Angela Robinson
09d3b3cf-105f-447c-aeb0-9488ba334a37,Duane Wells
bcda2433-eb24-4a9b-b1c2-d0cb492dfaa5,Kevin Salinas
97760407-2a80-4738-b46d-88e83f4314f0,Alejandro Adams
13f20ac0-c3d1-4bd8-af2f-7e3423cea716,Cheryl Atkinson
44c17e3b-5917-4a7b-9857-904b8a6f8004,Pamela Johnston
549a6280-a4da-4f89-af76-f0e8def2a1ac,Cassidy Jones
3aaf6575-ca31-4347-b901-32bfe814a4d1,Matthew Reynolds
b8f86f5c-60c9-4465-9db4-5951bd4910d1,Brandon Perez
48adc63c-8eb0-435e-a523-e1a8104927ea,Linda Thompson
eba126ae-f70c-4264-a5ae-06dabea1ad95,Thomas Williams
87108222-5c73-4a97-881f-496a598abb03,Thomas Fernandez
5fdc8d5e-c44d-469e-9982-433b21e2e227,Susan Taylor
bf48e2b6-1c8d-4cc5-bdce-83003872beab,Kevin Arroyo
4bfeb675-14b1-4d98-aaef-a1f97ae9f671,Lawrence Ochoa
5601f20a-4c4a-46b0-aabf-2973bfe10875,Theresa Williams
0aa58360-4588-4aaf-8ac0-4b3e1091366b,Jennifer Atkinson
b5fe63a5-b894-41b8-87f3-cc8beefa0da8,Thomas Valencia
ab818a0d-a0a2-4ab0-a3ba-703b8020ee33,Paul Barr
bd7f9391-608f-47b2-9fb0-3cb8757b45ca,Kelly Miller
202d84e9-6252-4bd1-87e2-77434a88586a,Laura Mccarthy
508e91a3-4ee8-4268-9d42-74267526f519,Matthew Young
a12c2465-a244-459a-a8a0-a35aac387895,Christine Wilkerson
33d3ffd6-a3c8-4e13-a674-67609389af61,Jennifer Patterson
485efe82-535b-445e-bdd4-fd8704898aae,Lisa Roberson
7c6f4480-d48d-440c-9159-bc9858b11bdb,Kristin Lewis
a740b24d-d8a5-4699-a189-7b41f591c009,Dennis Kane
5214d368-80a7-402f-b93c-01403898e03d,Justin Miller
a9224938-48f0-4114-aef0-9f25ed94c782,Donna Crawford
4aef18ab-5eb2-46b1-896f-c03505bccab7,Frank Moore
cdc2ed4c-4e68-4278-8dcc-a77346fff5df,Alicia Holder
7258c4ba-e444-4bbe-b36e-563af59a1e53,Joshua Simmons
43263a0a-b3aa-42f7-a043-bddd0e807f43,Mark Smith
731cbfc1-a784-4267-a980-8b71338834c9,Matthew Carrillo
da973232-66ab-4744-a246-830683e9c1a6,Karla Vang
34b84630-d7a3-4978-bd7d-191a774fc691,Brian Ford
0c386dff-f17a-4fef-9a38-e31987149452,Stephanie Watkins
cdc84ae6-cc61-403d-8632-082dbddd3b78,Michael Cruz
0748b53c-cc41-4beb-b8ce-e636296a3227,Michael Schultz
ee3fbc9e-1e80-4af5-8598-cc4eced7f3da,Elizabeth Lynch MD
c885a659-5295-4d15-8ccf-f2d15db9a523,Tony Garrett
6ecbbe99-bfa3-4ecb-b020-2dc0d5583d47,Kevin Tucker
3e73a379-4476-4f7c-ba77-2e8ecfc8d49f,Heather Lara
8928c820-635b-4ef3-8a2d-44ca5cb4a5ba,Courtney Rivers
8021378b-56f5-4770-b80d-cee9f29bc6f1,John Richardson
52d6fbc1-d786-420c-b145-a2d9e5025ba8,Brett Santiago
3b784680-bf99-4c91-aeab-4a41a2854a2d,Emily Butler
724b74af-99c6-49a0-a7b4-df5db971a778,Daniel Kaufman
0f316984-d88f-4344-9532-fa3501f5fb19,Kelly Wells
aeb84851-b096-4337-85d9-4640ddc8fbc5,Steven Hall
de733e26-cec6-445c-85f7-9d3b6a28a0c2,Heidi Davis
35783bd1-281c-4637-8f20-90d3fe6e22c9,Abigail Wolf
3c0b258e-f0d4-42d4-8b12-53125f22be09,James Ramirez
f00113ef-3c23-4dab-b005-e60c724d7696,Jill Smith
2538239b-dce9-4f0d-81b3-cf296c45b58b,Joseph Wilson
18bce308-61ba-4900-b4ff-dbcf29fae75c,Brandon Lopez
74c696c8-bf40-4857-863c-734511fa6e54,Traci Hicks
33c037e2-5957-4041-bb9c-b9b62af1b237,Courtney Roberson
5f645414-6fc4-4113-bb1a-0f880585081a,Carlos Campbell
f59eba76-fcd2-4054-9bbc-ca5128be330d,Steve Blanchard MD
45de2903-edb7-4be4-8a9d-e0881259f719,Devin Clayton
fb7b186c-c640-4617-8825-b946c592a19b,George Cross DDS
a8c940d1-f1ee-4a22-8ef0-cd55f1aa72aa,Emma Mitchell
9ab1b2f1-7136-413f-a5db-af6d3f5f5e19,Randall Reed
d47fd083-ca10-4805-8ccb-68785efa2a0c,Adam Carroll
880023c3-2329-473a-9294-f499b88216e0,Paul Thomas
386805a2-1991-4fe9-b6a3-3bd35518c12f,Thomas Martin
06f2c35a-b1ee-43b5-86ed-dc03bf6a7917,Gina Smith
2ea6f5ff-b1a9-4d59-9075-c8010399b7fa,Mrs. Ana Garrett
d5b90910-1d21-4b39-bfa8-27e87998b95f,Cathy Hernandez
a4c6e0ab-596e-4e44-8d39-f8919544671d,Dillon Jennings
4bc54637-c214-4124-8719-c21fa9e22878,Amy Mitchell
002f41a3-f192-4cd8-9ece-b024c3fedcc7,Ricky Lawson
05268e43-7e65-4a25-8dd6-03b3c51365cc,Nancy Mercado
6c604e32-d8a6-4bf1-bd69-3c26fafb8901,Mrs. Hannah Figueroa
489176ea-d273-4341-825d-87aa3cb30842,Jennifer Robles
77640814-295f-4dc8-8557-aeed8d6870f9,Timothy Long
faa7ff67-e776-4b99-be15-d6a013d0db3e,Melissa Allen
9eaca785-d983-4fec-810e-74febce99374,Kevin Farmer
146d8c44-3a95-4a47-9298-bc10a36017a9,Tyler Miller
c59ac13d-8007-4746-86cb-90a7355669e7,Omar Tyler
4f59aa89-5176-4959-8f28-0af4dfbdd2bb,Alicia Webster
3b584c85-8ad3-4e85-b7f2-8d95b6c4c94e,Matthew Green
0e62dd66-46d9-4e05-974d-9403fe15aa1c,Matthew Zuniga
3a7ae397-8945-4ba6-a710-f488416792c7,Anna Hunter
ebaa9c87-c4ed-4f71-b2cb-24527699e65b,Charles Bolton
4e5a5f62-1e25-46ec-88fa-76ee5f4384b2,George Ortiz
48848951-6ccc-4e9a-8b3f-7a695b58be09,Nicole Perez
e13ff48c-787f-4dba-9f49-6807532d506a,Jason Johnson
e51491f3-d16f-44bd-8c4e-ce41d7c78a9a,Abigail Lindsey
c009f60e-31a3-4e4b-875c-3bac1ec2fc98,Gregory Werner
332fd7fc-f7b5-4d86-a58f-bb3d4c1d11d0,Timothy Gutierrez
acc0313a-2791-4035-812a-789281fb4cb6,Kevin Marquez
71961557-2d46-4c9e-9458-ecfacd5973ea,Tyler Henderson
db935157-d40d-4e73-8654-033363f9409f,Ryan Huynh
8bf48455-4ca1-4920-8ca6-6aa04a3045fd,Matthew Allen
c224332a-f7d5-4cb9-bc31-855f87330e5e,Mr. Jeremy Cameron
504f59e6-0648-4692-8d95-156494aad0cb,Jasmine Murray
82541c9e-7e7b-4478-95e6-89f81a5c27ae,William Clark
8ee396ca-9db4-4d56-8cc9-bd7e6b05045d,Eric Porter
de97aa80-95b1-453f-98f6-73af367ca82a,Jennifer Erickson
90c084cb-cdd4-4334-b266-6f0b804407eb,Benjamin Bell
12695d4a-aede-4d13-9ace-0f150e2ec84b,Charles Waters
2314cc6f-a239-468d-a936-6e4c4c73eef7,Amanda Herrera
3007c9b2-dec9-4a9c-8f8b-7395366b9d11,Jennifer Singh
01f99cb5-3edc-4d30-b56f-42de3f12b404,Kelsey Taylor
dddbdd37-16b4-42ef-975a-38791effc8dd,Christian Fernandez
9cbb0805-da1a-4df2-948a-d0358ca040a0,April Baker
051718c0-22fd-45b9-99f0-a1f8426aab5b,Kenneth Wilcox
655e5070-af0e-4cdb-a7ce-fd3bde5bed20,Francisco Parker
59abae23-3e71-431d-b912-a01708337841,Elizabeth Shea
d36f3b8c-88fb-422b-8788-2c7cb2cce6c3,John Price
64ff6029-3739-402d-907e-e5b4930e9ad8,Jeanette Johnson
8fad0dcb-e86e-46b3-a492-79fe15ff1b39,Ashley Franco
40fef600-c307-4e26-862d-3ddc4039c3f5,Elizabeth May
737bc7d4-2724-4452-b1a4-24d3dbd8ecf3,John Henderson
a838edd6-f8bb-474b-90ca-26fa73d18ab9,Megan Wyatt
02abc102-25e7-4cfc-9411-7a9e26224a77,Natalie Pearson
babc7ac8-5bf0-444f-bae8-6d22cedb1ead,Christina Hall
f52807d7-8312-474f-a3ad-f2482cebf0a8,Lee Miller
095f65ac-a131-40dd-8f50-eef62abf2476,Jorge Ellis
5a5b152a-a0a8-4926-9ce6-5fe9ef559f40,William Ayala
9561bcf8-d850-4c2e-9741-d502439b3d3f,Sergio Johnson
d92ec251-37be-4558-b25a-09541313e6dd,Adam Roberts
4df9b5cf-d444-48df-81ee-ffa8782e60b4,Elizabeth Blanchard
b11a8665-83e6-49cd-a35e-fa348682f360,Andrew Serrano
bd94a504-8575-4262-a43a-ae76b032c2d3,Brian Mcdonald
41c1470a-7075-4381-90c7-d4becf1215c3,Sarah Yoder
1940f1ed-3443-46a0-b1f4-24532c0c8116,Luke Bolton
62590397-3a05-4105-b25e-2a5f9553e03d,Kelsey Walker
4ded6652-a40f-44d6-b456-ec1ce3ffc231,Dennis Johnson
35ac7e86-0064-4b34-b945-4797dee4dafb,John Drake
c24f1f00-31f6-44f8-9b6d-02b1ac12ffca,James Lopez
486cc37a-d81b-405c-815c-349259e03fff,Justin Hunter
f4c6336a-b462-4708-ad30-2654ffeced7a,Brendan Rodriguez
33633820-2433-4a0e-a15f-421de8b83ce6,Natasha Montoya
c04d3bef-fb8e-4820-9630-321b28abf12a,Brian Clark
08c58851-1575-42ea-abc3-20bf48b731e2,Jonathan Davis
dd6282c3-3b8a-487b-ad7f-881cb1ccc163,Melissa Wolfe
0182f964-b554-4678-9fac-a6200e3f5523,Sara Valentine
5de82d50-0ebb-48bd-b3c6-155ad286c61f,Charles Howell
ccd04c30-1214-4133-9fde-4f2159f24abb,Tracy Powell
4701d566-f96d-464d-aaed-f60c221dbddc,Matthew Love
49facfb0-58bc-4097-834d-3a4f0de2ed58,Ryan Wallace
1dd13f3a-6c2e-481d-9297-00f3a7337019,Trevor Pierce
6be813f0-84f6-47ed-b867-5352cd1bb058,Stephanie Brown
a515711e-6723-4f94-a61d-3ff52d252364,Joshua Mann
8258925c-65d3-4d73-96fc-7f29d4f1ff9e,Jacob Ingram
e08c313b-7f99-452d-a52d-61ed5c9ef321,Melanie Ramirez
67fd8223-300e-4ed2-9898-697cd0b04609,Karina Zimmerman
c96dc979-5530-4563-a927-ba397b289a31,Michael Perez
3182f721-5a74-485b-b447-638f8a6ea1c3,Dean Booth
147d4a4d-586d-4014-8b5e-f7c2c53f7f4b,Michael Harrington
75630f39-2b76-4324-990e-efcea2aa280b,Michael Gonzalez
62dd26be-8df1-4e71-abae-c21761e667b5,Lori Butler
54762610-22c8-44f0-997f-e74393afd347,John Chavez
9635db10-261c-4a94-876a-d910cb22f7b8,Katherine Lutz
9fee0805-e1a3-44f2-b307-7d8e6d40d1ab,Annette Oliver
8c3bf403-c182-42c8-bc51-0a8c5b589aec,Melanie Cervantes
c0075653-80e3-4138-8fd9-9ccd7846afc1,Stacie Cook
2875cca6-0105-4d0c-b4dc-794d272e7553,Michael Carter
2883b879-f533-4c73-a6bb-68456c25b01e,Richard Stone
873429ab-b5b1-4d74-9cb7-0d2921f95c9c,Nicholas Cohen
e986ca45-e19b-410f-bf57-7c07219bc340,Patrick White
cb604968-b559-41d3-9211-80cf4113a62c,David Barton
326857e1-3afa-40e7-bd25-1cb8107c8854,Diane Hunter
62dc033e-948a-4ad1-9ebc-c1232dea515c,Gregory Anderson
4bf234c1-eefa-4cf5-8913-8cdb66cfa11e,Stephanie Hanna
1c7913be-8b58-4d40-8b06-78ddae729ff4,Michael Thomas
65bfb148-2153-4b1b-ad43-849969292be6,Tracey Giles
82bccced-422b-49b5-99a7-9e31d59bd4d9,Natalie Johnson
8a9a93c0-a9a6-439a-a576-3f92d83345bb,Renee Price
72be5e88-f2cf-46b7-8aa9-9a3e5c38c2df,Heidi Smith
cf965312-954e-4afc-8cf8-8d21b449319b,Kaylee Pena
445acf82-58e5-44fb-a29f-8a0b311b5fd4,Monica Warren
11bca262-3ec5-423e-b936-9e10390ab622,Samantha Anthony
0541ed0c-32de-45f6-b025-803d706598dc,Claudia Jones
b56cdfff-efb2-4a47-ad1d-0c779f04cf5b,Deborah Peck
f7f66909-bbc5-4aa1-b410-acbe02ad414a,Tamara Odonnell
ad979fdb-49fc-44c5-b1e5-4944a5cc092d,Devin Cabrera
7ae8ce1b-bfbd-4e3b-a173-439876158ee5,Peggy Martinez
ff99677c-8425-41b3-a958-90197109137b,Ray Mitchell
b961b4bd-f973-4bb7-ba6f-e4571660ccfb,Tracy Gibbs
24738e58-91d1-41c4-8d39-4927bf9276aa,Janice Brown
d0e846ae-eb49-4310-b536-9336e26821c2,Peter Green
a3210a2b-46e8-4aaf-ac74-b66d43c29cef,Christine Morgan
2432cee5-35e8-44a8-b9a3-e29f94b5b41e,Jonathan Arroyo
ef6788a0-328b-402d-be6a-4d24a6cae966,Ryan Serrano
159b7911-19fb-42bd-bcbc-c7e011e73832,Gabriella Choi
0b44cd43-e29c-4a34-8fc6-e115d103f96e,Steven Atkins
2b2ffc2e-f714-49d6-a8df-415c2ceb91fd,Jody Foster
ff4a2ce8-0b40-4ab1-8b43-c5913226f1bd,Stefanie Stewart
4213bfed-ec3d-4a95-9bb7-efe9f107d495,Jason Chung
e9cdb1b5-4cbf-48fe-be35-94b314a784eb,Brittany Turner
9cd59482-65e8-43ee-926a-2ddc82158aee,Daniel Stevenson
7b699a7f-da1d-45a8-ae44-b1b8aa35e0d3,Brian Fields
2aa26474-6112-48ce-bb22-2ba030876656,Dustin Martin
32a6318e-79c9-42f5-8917-d35598592ece,Gerald Castillo
8fe90f54-ae88-47a3-82ae-d0fa2f73ae0d,Brandon Roy
928cb87e-a84f-4ed2-bb1f-15bd5a998496,Erika Mccarthy
ddb6a1fb-a9a2-4046-811f-faa4c9adf925,Adam Rice
ca66bc5b-9d67-4763-b803-b31e6c2b259f,Garrett Sutton
d221dbc6-de0e-4e6b-b0db-f42541ad4e15,Timothy Bowers
c8e19004-8520-40e8-9d4e-e2f1c1992ab1,Monique Evans
f814cd17-8426-452d-a5c3-a8b328964d1f,John Kelly
4b08dd0e-cb82-41e2-9ba5-b656a97bfa55,Daniel Wells
9a1d7355-65be-4bc7-9dfd-bccd5d8d63ba,Timothy Clark
94433c52-2f57-406e-8e05-e19a8bf3175c,Mitchell Thomas
027a3e5d-4d5c-4149-ab0d-24e931609376,Amber Franklin
262b0dea-c1c6-4099-a45f-d3004b3eef30,David Perry
e44102b0-87cb-441d-8f7d-c917a16947f0,Fred Gibson
22944820-a4c4-4256-9813-bd80ef6b5cb2,Christian Mathis
ee29fd40-69de-4284-b894-8465553b5c3d,Daniel Gibson
6824c3c2-a05b-4794-8917-3f1c1e35599b,Marc Green
59719dcc-7b44-4bd0-82f4-b0b6f964c3c2,Leah Hensley
f835b65b-dec4-4b33-9d5e-20ee660df2bc,Catherine Robinson
4880eb89-8fc8-497e-95e7-d6c18e0bed88,Kimberly Haney
294d5f57-9e8b-489d-8c47-741b51802d41,Sharon George
6b1e9c21-573a-465d-a14d-3f68b379711e,Kathleen Sawyer
1577e64f-1d81-4fef-aced-b263a743f2ed,Brandon Ford
f51c5d84-f70b-4ffa-abc8-6922c256196d,Derek Lang
bb772398-7201-42af-a796-e17dcc15d2cb,Stephanie Powers
5aa2f4d6-c6bf-4924-9e2d-d571fe20e263,Justin Turner DVM
c0cd6a4d-ff41-41c4-9e8c-996c672f57e5,Miguel Palmer
1e33f9cb-c276-4508-905e-017ed3a9925a,Teresa Humphrey
0be6f309-c65a-44be-9dd3-5dd679346613,Joseph Mejia
65bec804-92a9-4e15-956e-7b71b97d42f4,Ashley Lewis
1bdfed66-2e54-418d-9f4d-5a5075ef76d3,Christopher Smith
6c8aa979-101f-44da-82df-722169ee7d28,Cameron Fuentes
c63ef66e-3fd9-40a0-a219-9a15686276b9,Matthew Henderson
b93f55ee-123a-4e08-80d1-a4cba1c54d4b,Daniel Edwards
24183a80-5834-4492-92b3-9a9f5b391288,James Santos
8ad248dc-35ac-4e43-b54e-a700fd37b83a,Paula Garcia
3199c068-5c46-47e6-89d0-7880954d8db3,Taylor Smith
079f5591-3508-4df9-af1b-617af83e118b,Brendan Atkins
8fe25f8b-9d62-4472-9934-9d34dc8d4f10,James Robertson
e0ec60dc-e6d6-4f2e-92e3-9942277c153c,Jessica Bowman
08d41e7d-02fe-4c90-b075-48ae0aa178cb,Carl Sanchez
d984aac4-19b2-4255-b6bb-ce671b2e5faf,Roger Campbell
0007b8c8-66cc-40ea-a61a-a9b370927a0c,Allen Harrison
b19a696c-255b-4da7-92b2-c519cafa439f,Debra Hall
ee6be644-35fb-4f4e-899f-24e591f369e0,Wyatt Bates
f2bdfdef-b71b-4788-9b6d-b35fd75886d7,Billy Hughes
423d0d6d-720a-424a-aa20-f02d27739004,Lauren Ward
17b463da-c6b5-44bd-9fa6-8e6ef553f524,Casey Miller
55bb3d03-131a-4733-a35e-26771b38adc4,Alicia Blake
d804083e-3a4e-4466-88fb-446af7864a6c,Joseph Heath
162261ca-f10b-4001-a08a-a35d17c5d103,Jacob Brown
1569ec71-ddd5-4496-8541-d274983b472c,Kathleen Flores
972e9bc5-cd16-4b5d-907f-d8717b8cbb96,Mr. Nathan Petersen
603a24c4-f7ce-4044-8c88-4e4806290996,David Alvarez
99c01bed-1ee2-4d78-9642-b2009a1cd783,Keith Austin
60d6303a-e7a6-4d0c-8b6a-4e3180678cf1,Jonathan Schaefer
6d24f9fe-b5a6-4a92-b52c-a5d406b70357,Kim Gallegos
b5eb73cc-a7a9-44d7-b672-694158e93fcb,Katelyn Warren
49f2c4a8-7011-44ff-800f-b9726b503fa5,Karen Reynolds
6b49a164-4e51-494e-b5c6-e8732efba2c0,Ryan Garcia
5462e7ab-db3f-43ca-a222-4531f4f0798b,Larry Gilmore
2c794b2e-eb14-418f-a3f8-cdd1591a59c6,David Mann
990817e7-178e-4f14-897b-a325539abeae,Alexis Gutierrez
dae73cf5-f9fb-4f29-b74b-2866c5b9a834,Karen Bennett
4e91a10a-1d0d-420b-bae6-23de3c75bef5,Jean Young
4d35c569-043b-4a8a-9910-8ab8a2082678,Tanner Mullen
12db4008-546c-40f4-93a4-6e2b925b2489,Nathaniel Lopez
6f2661ef-9edc-441c-bf54-5d183663342f,Kathleen Williams
3cc63a31-ecb0-47eb-8f28-67e6a605172e,Dominique Reed
5f981c85-79a4-4387-b216-b92d4d7cfa97,Andrew Hicks
124417a8-65b8-4fa9-a40a-aa40b96dea15,Michael Rodriguez
8c2318c0-1489-41cc-9283-96d5c1f903a2,Alexis Cervantes
de025a9a-214d-4d6c-9e5e-15c033cda7f4,Martin Henderson
c87678e1-c71d-4f38-90b2-78f2827c4988,Madison Austin
ab91d386-59e7-4168-adac-e38ccb4ea90d,Kevin Diaz
dfce0604-56e3-4e1c-93e4-64c6cd82d8e6,Sarah Yang
667c3e38-4a6f-4e3c-bb00-cb354b1704ca,Kenneth Hudson DDS
52b978d8-bda6-4657-aaed-fcbac7310a7e,Robert Wong
a7caf2bf-11e4-4278-bcb6-78b45aef3d47,Michael Rodriguez
8e9e2e9a-a066-441d-892a-6a6d94216ab2,Edward Carrillo
0c0ef342-006d-44d9-98c0-ffe7b3c34e28,Jason Krueger
0795c7d5-5e23-4b05-b5f1-8b64615bb16d,Melissa Webb
b31bad7c-7d44-4f90-8035-160bf9587650,Kevin Jenkins
7703e35b-519d-4126-8d0d-157d5b65e214,Richard Lawrence
c2e188f8-7795-44bc-ba88-b6aa6de0918c,Anthony Green
a9dde243-1d1f-44ab-8556-16326582dbc8,Rachel Willis
2e55bc99-7921-4aad-aae7-c2c25d823176,Michael Mendoza
dd1b15a9-12fa-4178-befd-096bc1055517,Kevin Evans
71cddee2-d1d4-4615-864c-7f948238ed88,Miss Jacqueline Green
a3a9139f-d137-4ba6-b06b-b67ddeb10cca,Brian Porter
75356a3f-d75b-4188-9ab4-a013612c61ca,Andrea Rice
c84e4b9c-946a-473c-b0ec-d0984fd9407f,Daniel Jones
307c98bf-21c3-456b-bb8a-661723432230,Victor Reese
5e4c2bf8-8627-46c7-866d-300f81405874,Nicholas Jones
fb98d439-f133-4ff5-abe9-17e7db8dd39a,Elizabeth Ryan DVM
cc00df92-21be-4692-97e7-90a33016a10b,Donald Peck
c8485c3c-5940-4674-8003-951ad9e50518,Stephanie Castillo
a8d6cfd4-1674-4418-938e-21e7bafb63f2,Shawn Rogers
8daebb57-ba9e-46fb-8b32-1cd840c440d9,Patricia Collins
78db1f77-d5c1-4ce4-b796-5182d87935f9,Max Alvarez
a6ca75e9-5340-459c-b90b-2e8c5853c3be,Sarah Haney
8dd77339-b473-4708-958e-273bde7a3265,Robert Mitchell
b81b6100-8c18-41bc-a0ae-fd28600f0a9e,Susan Lopez
330025f6-f140-4489-be8f-cc497c6b0986,Robert Perez
577e4248-e702-43d4-8ddb-ad3044d992d1,James Jordan
a3962fb3-3ee6-47e1-9e6f-8ce90c6a2f4c,Pamela Harris
331cef41-31cb-4aec-bf6f-f96ecea666a7,William Rodriguez
0a25a7a5-f788-45b5-9d7f-19dfe7998452,Jeffrey Durham
1b4eea07-69d8-489b-b874-fa4aff58f6ae,Beverly Parker
e2e91959-dbe4-41e3-8e81-d04f64b54075,Lisa Lee
5f26fa54-3f0a-4312-a715-ace217fd6852,Dr. Matthew Brooks
869c1f59-25ba-45f5-be1d-35ac235875de,Laura Reynolds
7e80f457-0005-4409-8815-fde222dbcfb2,Jason Callahan
155718e1-3832-4cad-b069-63c2ad1c3b77,Timothy Evans
5ac97536-eb96-41c3-a8f8-6dde6278a0a7,Brandon Espinoza
1200df18-0be6-4096-9ae0-2375d891e5e2,Andrew Rosales
97adb36e-ac96-48bf-b362-857c86129860,Joseph Robertson
795e4452-1624-43df-adf9-e1141b1f333e,Amy Wolf
8028f01e-3990-47d7-896d-ba5e88e096d8,Vanessa Hernandez
f498c1e3-9643-425a-9d45-1b3f03485e76,Charlotte Davis
fcc57f9c-8c44-47e5-be68-e386afac6252,Vanessa Jones
2d15b16d-99af-4793-87b9-0b75b74a7371,David Hammond
d5aa8123-f97d-4473-a7c7-e7a76d5b3b90,Mrs. Veronica Murphy
5348bfd3-a876-4664-831d-cd77a1da950e,William Davis
5cb71322-4160-46fc-b4b2-19f09e4b2600,Charles Pineda
c78d7bad-b0f2-49cc-a410-47724025880f,Catherine Krueger
f990c64b-4cb9-4d00-8076-cc16a712ec91,Julie Wyatt
c1618f68-663d-46a5-b444-5cb7072d8308,Amanda Snyder
120508e1-420a-4405-9e20-54851ea2eecb,Cindy Matthews
242feaf8-8f00-4a79-93e8-0fb6e8089ac9,Ann Morris
d2399a72-c738-44f5-a854-46a1c75183ff,Sarah Smith
d1a49448-4b72-441c-95b2-20e5617e0d42,Susan Stephens
990062b3-679e-48aa-ade0-94fdca37dcc0,Katherine Roy
067067cc-1126-4ee4-8e81-b3c994150ee5,Caleb Wilson
55ab16f6-1da8-4348-b578-7fc05446d335,Manuel Price
bd517c33-bf7e-4c1b-b2fb-295fa4259d4f,Mary Ryan
07b2c1db-a99d-4e89-acab-ea6d7e0d9b74,Emily Bennett
5593f663-c611-430e-b111-e7b0e2373bdf,Rachael Stafford
164742ba-c5dd-41b7-a18c-e34fac72387f,Anthony Silva
89361ff7-c44f-4918-9cc2-cd9e9ec89f1b,Dustin Reynolds
2e931939-94ee-4be4-87bc-af47e8a40c8e,Michael Steele
23e6268a-392e-4c6b-bcc6-95900adb8e35,David Sharp
c91cef17-6ee6-4e25-90de-cac06304a773,Robert Carter
7606173c-929e-4189-942b-65ad6b0577b9,Nancy Austin
85f6d61c-dcf6-4aeb-93fa-f6f1590ef766,Richard Martinez DVM
05b4271b-c5b4-485b-afb2-c48ed63cb297,Vincent Carr
9ced2ffe-807a-407f-955b-7b0db16b0429,Sarah Robertson
b29cd7ac-0bee-4530-af46-4cade0cecb12,David Smith
6d6a7610-962e-4ac8-870a-2be3858cf46a,Daniel Nelson
78c5458a-6824-41a9-acc2-e9056ed228d5,Valerie Bonilla
d3773e03-8ba8-47f0-9291-f65d8da62360,Jessica Brown
82ebf1c9-0073-44b3-b518-0c92e25603b6,Amanda Castro
c0474362-2e4d-4184-bd09-3c750f4da2bc,Sabrina Brown
19684057-6302-48eb-b26d-95998dac99ac,Derek Hunter
9f799f32-9c26-4d52-bc59-fd063b0c6963,Ashley Santiago
722a44b7-2dbc-4f0d-979e-4a668cacfbd4,Ann Sanchez
3a4028b7-8f8f-4492-b426-f32128fdb4ae,Margaret Bass
3eebadd0-64a1-4a55-89aa-91db9b8dbd42,Anthony Rice
50b30d56-aae8-4dbb-a4c9-0ef2da2460f7,Lisa Mason
c4cbfcc7-1867-4426-889a-360b8a83ebcf,Gary Ellis
b516f672-bcea-4a1c-a344-492e01a67564,David Foster
0d69acc7-ee6a-469c-b0c1-82b05542056d,Steven Williams
9d1da603-7a87-44ff-ba3e-cf79d79f3993,Melissa Larsen
1c834479-d95a-4787-82f8-ff83933ae112,Amanda Foster
4afc4b4d-84c8-438d-a77c-9035e91f4b70,Janice Bond
63e9224e-dfaf-4bbc-9acd-5d8a368ad922,Henry Harris
6118347a-db3f-4adb-9037-4f7a6579f52e,Maria Fields
c8dc7499-29e1-42a3-9006-94f244e3a987,Brian Brown
2f19ba3a-fd0c-4669-8b71-3f3ab6e427e9,Kyle Evans
f25f590e-12bc-49f8-983d-0164d340d762,Brent Barber
064dc41d-483f-4ade-b9bf-cb5e4e5da29a,Kimberly Evans
1b4fd62a-3210-44b1-aab1-7212c05a744a,Nathan Howard
4d764449-53a6-4b04-a654-7bf72295f909,Scott Jackson
5400390e-7e56-44b3-92d9-1bb3d1a66820,Brittney Bennett
def8155d-de41-4910-8dee-9e24efe5e4c8,Bridget Vasquez
2fe76566-19db-4f09-9d73-77627f937576,Brandy Dennis
fd817f14-3ae2-4a9c-b763-0124a52e8f82,David Donaldson
2842bf9b-42a8-433f-b5fe-388697c37a7f,Emily Shelton
556df985-fccc-4a3f-8647-db7365dde953,Patricia Dickerson
c1970d41-03d5-4246-9c9c-098185222247,Mary Wright
bf946e29-275a-41f8-82cf-3e55fe0d6adc,Katie Keller
71a46838-883e-4dd2-a682-2f1302738882,Theresa Barrett
b85ae155-2139-4b1d-916e-7fb49a861a84,Patrick Knight
8ecb4175-e89c-4c64-90c9-513fdde4a0ec,Daisy Johnson
79913be9-1726-4e71-ae95-c885685f55dd,Susan Odom
254a7230-eaf5-469c-a87e-fd3ce7d81ea8,Jeremy Hernandez
37e0feb8-ba72-44fd-a351-c553a6fb4dce,Melissa Wilkinson
87b45853-32f3-446e-bc80-aaf40bca3bcd,Amy Dixon
aadcbdb8-4404-46df-b304-1675a9160b6e,Jennifer Porter
c475fd05-b8dc-4863-b1ff-0045183f4b64,Jeffrey Boyd
35986839-00cb-4cd4-a52c-3e16849e9664,Terry Welch
f7e59ee7-31b4-424c-8985-7e0708b062de,Lauren Jackson
4959792d-2ebd-4418-9a38-0e0e0f082c7c,Steven Huang
e0791924-8a12-4de3-ab8e-e089a5f4fa01,Daniel Wagner
781303db-6d6d-49ce-9480-b3026f3ad292,Benjamin Adkins
6319dc30-9abb-43f6-ab75-b8bee3bb4e9e,Mary Deleon
24bc2866-59c2-4d98-bc33-277c9bc471e0,Heather Ferguson
a927990b-b68b-4073-82c6-3525d3edf1a4,Stanley Crawford
5ad2a840-7c09-4be6-a2b2-c723ab2670af,Margaret Hart
35b142b0-73eb-41c6-ab50-24487142e1ba,Ryan Hart
b0b07ea9-a7fc-411a-a5c0-2988a022ec06,Sally Eaton
14cbdbdc-4d35-42da-836f-a37b877c975a,Katherine Ryan
e909641a-06fa-4677-ad62-906508888dde,Megan Brown
872842ed-5b6d-4290-8cb3-1d0bd5674e73,Pamela Rosales
b73349b9-506e-4f97-a8e5-ed8cb5853e1e,Tiffany Zimmerman
be365a86-bb72-4efc-976b-d87147235c32,Luis Francis
f4493de9-d830-4c29-aec6-fa5351e4d92e,Amanda Diaz
86fd19ce-d57f-472e-9620-e3b206f06b6c,Jean Adams
1079e4bb-1af0-4223-a0e6-a08e37c9e9b0,Michael Hernandez
113b225b-3959-4fc7-a0c8-e4b4e42f9197,Margaret Lopez
83b61660-0e3c-4941-a701-81473e508343,Latasha Spencer
a4af968c-52ab-4c22-be9f-f9608a1fcecb,Christopher Robinson
b4128750-c105-45d4-82f1-172f44083e0b,Kelly Singh
6a84e11b-d729-40b8-a20b-1477fc85759d,Joshua Ortiz
cd9c9c66-e283-40c0-867f-956fd3bccf6c,Michael Macdonald
d97736bf-1af5-46a1-b883-e8fa0ef450cd,David Reed
ea69a30e-9f10-41da-a283-da3c59e24164,Christopher Brown
253d0945-ddc5-4378-b1ca-8adb7f137caa,Jerome Martin
f88f57bc-1a69-49e9-a3b6-3022a6d31a1d,Kathleen Hudson
27df2b08-664f-47d3-a013-cfcc32ec0707,Mrs. Stephanie Riley
a6c932c8-caca-48b8-8a7b-e25a78c3f871,Daniel Davis
4fe8ca8c-f15f-4080-a3ca-7739d6f4655f,Jennifer Cantu
9e291a7b-283b-4376-a428-324edeedf013,Grant Poole
250e9ca6-b319-4bbc-aae4-3c2264af3582,Lindsay Shepard
1dded68d-f63d-49df-8723-c0bb2e8efdd1,Joseph Smith
1d6ac339-d8e4-4312-8215-7ab76fa7d411,Michael Baxter
9fa73e4e-a3a3-420e-98a7-b57099a29e3c,Rebecca Flores
933ec1ad-6cc9-4fd8-af20-18f8db97196e,Evan Marshall
aa725ead-d86d-46d5-ba54-ed9f3985709d,Brandon Fisher
a15fae6e-630d-4285-880c-18cb2e21cb25,Michael Hall
ba018206-f9d0-4c58-89d9-77626759b03c,Emily Farrell
8c31f78f-83c6-4995-ba9a-86cf1dfdf9e9,Michelle Olson
8af74334-2069-44e2-8a05-c7e6e62e8b79,Kimberly Stark
c19bfac1-e86f-445d-840f-63f803a9a93c,Jason Gibbs
a75634e2-757c-45d2-8b89-2d431f8f491b,Amy Charles
f050aae6-fbf3-4854-987b-37081f64dc32,Victoria Russo
d6efa26a-9819-44b3-9972-f902d5e9ed52,Megan Faulkner
ff8e5deb-bcf4-48fc-b57c-b09a07ea9cb3,Gregory Rodgers
c0b26667-7af6-4ca9-aa32-b2aa4294e14e,Patricia Smith
d67d48d9-eadb-4947-a6fe-d117b0b49462,Nicole Morgan
2d1415ca-6af5-4e59-9c31-c1ef304da08e,Rodney Gardner
e762063f-6ad7-48c1-ac75-704bce1749f6,Sean Barnes
74fa96d5-f1e5-46e5-a3bd-e6fe469d2cb4,Jason Parker
6fe93c11-52fb-4dd9-bcfe-940b70d67a65,Maria Rivas
0d650c6a-f685-4cf6-a3d6-1e072b6feef2,Jean Hansen
791975ea-e58c-4437-b0f4-7690b39d1bbe,Mrs. Megan Scott
4774030e-82aa-41a0-8d39-c430b13cd06b,Melissa Miller
8d9b3eb5-623b-4300-99f9-de16d0373734,Sharon Smith
00ba7b00-f2b2-4b0f-a85e-5e9cb575d6a3,David Curtis
0176f1a6-d46e-4e68-b474-40283d7d3fe0,Jennifer Johnson
dfde68b8-7069-44c6-985c-808c9051a5af,Brandon Duffy
b5b2cf99-38d7-46ee-895f-233b8b4216e6,Kimberly Rodriguez
00de3364-0b52-459b-b6e5-8e41b0147982,Jason Beasley
8bc9d692-aadf-452d-accb-a347fb7173b1,Benjamin Turner
b4c079c4-a59f-4771-a22c-b145a5765272,Jeffrey Torres
9592653f-faba-416f-a1db-8bdd85a6a427,Shawn Stevens
93f4b119-c350-4144-83b0-dc73809cdcd3,Gina Porter
311dbdfd-6f08-4c1f-81c4-2308c56534bc,Mark Garcia
e9a3ec95-9ba0-4a99-8048-47483f725aa2,Adam Barrett
6b6f4211-82d5-4e90-95aa-63f1d9ef78d3,Richard Li
349abcd7-d2fe-4d54-a735-7f09de0b1cee,Sandra Farrell
86162f45-0e42-40c5-bb6d-370bbaf8fb62,Michael Smith
69699a4d-b88d-4ed3-a07b-bb82e364bc3e,Austin Tanner
c3d57069-2f04-4a46-a27d-4f6fd690b130,Kimberly Johnson
dd15a243-3ab1-4bf2-9922-29a619905980,Mark Lucas
6c71280f-0228-42da-9afb-3ed744c98e2d,Karen Freeman
67431cc8-4be3-4519-a4ad-f199c94331cb,Christian Schneider
ae8469ee-36f4-4aba-a4d2-6bf42f6c2bfa,Tiffany Scott
f634fc3b-232b-4e7e-a293-f0280d5709de,Kimberly Gonzalez
9a52bff5-9081-499c-aac4-46c5348340e6,Melissa Nelson
3f27de99-d588-408a-9994-fcc1c19edd97,Paul May
6d074500-def0-4cab-a5b6-774806823e49,Dominique Gray
dcb3710d-775a-431b-aeee-0d8e1a17a8e6,Steven Vaughn
fd0d1ba6-ac15-470f-b86e-b58b13cbff89,Susan Humphrey
782c288d-e019-4f0d-ae69-807f7b21ddef,David English
b374a698-7073-456f-abf8-71e3658f5adb,Julie Dillon
45813798-938b-4822-a9fc-cc090f7ad340,Jim Moon
1444bbda-dba2-4ae0-9e53-3083415405fa,Taylor White
e277faeb-9109-4571-a347-db3c4a9a7885,Shaun Berry
0bf353b0-92cf-4217-ae41-853919a14467,Cheyenne Briggs
10391471-9c75-4033-b7c8-7171f5247400,David Oconnor
158fc4bc-b502-49ca-964f-009254bc0060,Ashley Davis
708a1398-c8b9-41f9-a997-9c03dd7e088b,Kimberly Butler
292bae9d-2e33-4b6c-a0c9-bc017490731c,Christine Morrison
96b704f7-9fd8-480c-9e73-de226303dd62,Karen Howell
b5a80075-46d0-4880-a1da-1e6b1da80cf4,Katherine Spencer
6de2c808-09df-492c-8aa0-b0d268e8c092,Sarah King
e77acd2e-c1fb-42b3-9f20-88a56898b260,Jessica Duke
76cf4d73-37c1-4c79-9b4e-d249428f9a88,Bradley Gonzalez
c6f93d59-a022-4f15-8af9-9b75e5a13d02,David Lewis
832ef9b4-64ac-4d01-b298-5e648b0cf9c5,Kevin Booth
a5ebdb10-8270-436c-acd6-2704ad4d5026,Sara Powell
399ef913-f5c3-43de-a603-17cef610f2c4,Todd Cook
195c8bd9-630f-4908-af49-cb767946214f,Hannah Benton
9a03360a-b32f-46d7-ab25-fbdadcad1342,John Collins
4ae1c18c-33cd-49d1-bf8a-4ef7532f672a,Shawna Williamson
94a006ad-7d06-4e8b-9382-300379526d7a,Lynn Smith
142291f3-1d30-43a8-a586-b52aed1f21a9,Megan Fischer
bfb6c960-f633-4522-add3-f859af5398c0,Brandi Jackson
8ee7fd24-adcb-4748-9865-7dc483efc0bd,Lisa Palmer
a02efbbb-d8cc-490b-9a40-c6d2adf4edb9,William Smith
addcb907-ead0-4c3a-a765-d4e4adb99bf1,Mr. Christopher Price
27ceba8d-3dbc-4060-bb50-07578aa4831b,Nicole Lewis
b284ebde-95c2-4a19-b185-188620fa61ab,Susan Hernandez
509a4a8a-9f91-411a-891d-4b57ebfef341,Dr. Ryan Wright
d5f5c9e0-8a71-4347-9554-4e428bd7c4bb,Erin King
ebdaaef8-6aa7-40ed-9ac7-87ee1825a1a4,Stephen Sloan
99bb644b-cbe2-4307-827d-45ad912dcd31,Paige Gonzales
4a58905a-4913-49f1-ab05-b5e4781aabab,Carolyn Bishop
a2875c27-7b58-4cd1-81dc-015b75c2f128,Erin Moore
d6d8ba59-d9f8-4893-9aab-dbdee4aa60dd,Dr. Alex Butler MD
12f8cfa5-2763-4c42-8239-b256560fbaa7,Maria Nelson
6c66b46f-e901-4e21-9ed9-dbda3059b84a,Elizabeth Hobbs
0b345860-e3d2-4240-8669-6d7df8fe096b,Alan Cruz
fd16b382-fc9c-474a-a678-67eb2c7f19a2,Melanie Scott
3f798f43-af7d-45a3-b7af-7fed55f8e2d4,Jose Cook
fac267b8-d66a-43ce-95ea-75980fd10f42,Anthony Ramsey
4b8c5d83-6cdd-4038-9b1c-40fd17f36307,Janet Martinez
9b9dc72d-cb34-4484-8846-9fc4938a4845,Amanda Fowler
6750ee59-2b4f-43b9-a855-8e988e29d76c,Carrie Johnson
bf0713bd-194a-4ec6-8a07-6a75c9690e52,Ashley Smith
11b06118-24bc-43f9-ac9b-c706dfd6642f,Tricia Garcia
edadae14-93fe-4c8a-84e2-646d703711dd,Steven Carter
129f72e7-3ef5-4919-bd97-af34214ca31e,Jacqueline Lewis
e363c1fe-d7aa-4b55-b368-985b4d9505fa,Christopher Hess
939af556-73d4-41f8-95d0-b54f0b874e2d,Henry Flores
fed76f2b-8541-4f40-82e0-5273503810d2,Kathryn King
e4c3d890-89ee-4f27-928d-eb7d6aea22b9,Michael Vaughan
db45b831-89b4-4a94-8c44-f4bcd1483340,Jesus Padilla
218ab686-4862-473e-9f59-fedffb9d77b9,Eddie Brown
614cbab8-4a99-47dc-8a28-fb00ac6a82be,Sally Olson
42ff02d6-b2f4-4962-8237-467ae4740318,Stephanie Campbell
46f2cdcb-8753-4bc8-9414-f5304d32ca97,Michael Flores
07937394-90fc-40d7-a420-1ca18f214fc7,Vanessa Gilmore
530d20dc-c637-4b1d-a820-5e93543201a1,Steven Reyes
c6a1b524-809b-46b4-b0af-d86de5f8c7e3,Joseph Sanchez
690ad4a3-76c5-4c7b-ab0c-c3e64a5798e4,Michelle Velez
894642a0-ee80-4837-85ac-9855af6b9fb7,Jeremy Riggs
3a509fbd-31b8-4f61-8186-4ddd7359a09e,Christopher Schwartz
494aa23b-de4e-4f99-a613-fcfde0f0a652,Carl Marquez
e2c7601f-da64-4dc2-90db-e9850c872535,Natalie Wilson
e8bb811d-43f0-4af5-9fa3-67a832643cdb,Joshua Buckley
a0cd7817-421c-4b26-b41f-87c908a34e27,Sheila Lewis
86f95659-3983-45b5-9427-eb60cde169cc,Rebecca Roberson
dc4f2e76-17e2-4f59-9c81-d0f5d2f6d9ad,Dana Ballard
25e5ef8f-a958-4cce-b257-f9493cda2206,Nicole Johnson
2b86561c-f513-48da-a039-e2e45a651378,Melissa Mcknight
b4573733-c908-47dc-bc18-e70970229251,Autumn Lee
b98d9bb1-0d6f-48b3-b112-4c785b474269,Eduardo Kennedy
0e773c91-0623-420d-ad53-71d2f4de5b97,William Robbins
30c28056-123b-4a19-b102-d0a9bfc1f4c0,Brandon Small
ef2fc006-cf00-4ff5-93b3-2d755ddc6934,Mrs. Denise Allen
495d60b1-c3f7-4597-a74e-28539b993b47,Alexa Marshall
8214dd5b-e0c6-49c1-9a18-69b4aac04c29,Ian Tapia
c8f4f929-ab53-4041-bcfb-39c7c2787e13,Alexandra Colon
14f686f0-3d0d-41ce-a104-11fd7526ddd0,Nicholas Meyer
25c1d5c0-5fae-41d9-935e-0cbfc1b3e4cf,Jacob Mosley
64889de2-15b9-4167-a47a-dfcede64884f,Alejandra White
fd65aa28-3668-4ed7-9408-f8216d63b1b1,Chad Willis
126a804c-031e-4815-9928-ce647b9b5474,Caroline Miller
97893224-47fc-446f-9937-25433e023bcb,Sheena Lewis
fe7884eb-2db1-4011-a8d3-e387f25d6556,Jeffrey Browning
8e1d8186-1343-4ced-8fee-63261d94a0a9,Roberto Hull
650406de-d659-4f04-b400-ca326680210b,Dana Wolfe
f92d4e01-ec69-4968-9ea1-e0dd06907b24,Angela Roberson
75d51776-70ba-48f9-85e1-9eeed5ab7d65,Christina Williams
7e0e8d3b-f150-4957-a2e6-ab43420f194f,Valerie Russo
2c48e311-7085-46bb-a67b-63154a963bd0,Brendan Figueroa
e6b18baf-9b63-4395-9a2a-80742588f48f,William Wang
071d3a70-7609-450c-aadd-bd2c81787d13,Dana Williams
6b234bb5-af7d-43b7-aa69-202ffa3201ec,Ashley Miller
78a0e109-ab57-4749-a8c8-724ef206b3c0,Sabrina Black
04e6a46f-b70f-4443-a406-3a30ebd8871e,Jacqueline Palmer
dd7d9cd2-384a-46d0-9e3b-6c02187ec236,Janet Stein
cbde5e1c-4733-4d31-9b12-04c8fac7b090,Mary Martin
bda6c792-725f-4843-888e-ff62121eb5c7,Michael Morris
c0eb475a-feea-45b8-9593-9939c61b4367,Dylan Smith
56aa3636-2fc3-4395-be0f-d1f8f290e8d3,Natasha Johnson
52e39635-d308-4663-97b6-98023d786454,Alyssa Cruz
74291ebc-7824-44d8-a674-4f5d4fbec843,Kristen Jacobs
5c83d102-5679-41a6-a746-9c38a4735d58,Michael Fernandez
dc181988-edce-4aaf-a645-3ebd8b269e22,Alexandra Cain
4c97d422-426c-4766-bcbc-c83b5d4fc2b6,Ms. Mary Parsons MD
e9d7f508-7921-421d-9485-e0d48e55d06d,Teresa Perez
3149a996-33f6-4369-824e-663a1bb4fc4c,Wanda Osborne
719d698d-a816-4a41-8f3a-1eb006d5c2a2,Sarah Miller
f7d2a160-6e86-4d6d-babc-753bc95063c7,Paul Green
1256917c-801c-46e9-81eb-e5dd91f171cf,James Mitchell
97ada700-7fd4-48dd-ae3c-9a3765c800a2,Douglas Johnson
0b5c0794-a7c1-4098-a821-eac17be2b5fd,Melinda Torres
d13551bb-0785-444c-b867-daf310b7412a,Wendy Tapia
a056cb5b-ebaa-45e0-9f61-54faa6d4fd16,Kenneth Holmes
66886c1c-be23-47b4-bedf-abf74f569aaa,Shannon Taylor
b740ae05-5c43-41ba-8ce8-79840ba9d846,Daniel Smith
8042de41-a8e3-4fe0-ad04-11b7f4b44520,Michael Martin
edc31c25-24f9-4f2c-98c6-dbebc1b7479e,John Williams
a185349a-d096-437b-b5d6-fb2c39069b2c,Walter Saunders
c5f1ffec-2561-4c9a-ae89-ac343772e4a4,Benjamin Jackson
02fe1f29-ea9c-4a23-b9c6-08afd563fef8,Sara Dominguez
72939cd5-cd6b-475d-881b-5722bfa7f8e5,Jacob Mccarthy
4a51377e-9c94-4793-9839-61feea33251f,Carl May
97fb4f47-7b88-4327-96bb-12231a21caa7,Jasmine Peterson
a502138b-9476-4370-9dcb-8a3fe1ea5d86,Kyle Logan
3271b68f-aabf-45ab-b2fa-aea41ecaab95,Danielle Griffin
19f51327-a840-4f42-87c1-85075f9e52cf,David Garza
85b78b16-15aa-4184-bfc2-b81a2a9c53d2,Heidi Jarvis
26791b80-1746-42cc-a985-ed179c5b767d,Carmen Arnold
3151fbee-6ce9-4387-aabe-af680be7972c,Anthony Dunn
d909806a-5eaa-4e7b-8572-fb12f02bcae3,Natalie Hatfield
dc077dda-bae9-4a5e-b0ca-5490abccd69b,Ashley Le
d37a06d8-4b73-47e2-9412-4c2f185173a2,Mary Nicholson
f9b98b3b-5266-4773-8efb-3d7ca1da46b8,Jean Rosales
e2039064-a6e1-4569-8003-3422f7b2c8d0,Stacy Lyons
c015a1a1-ed30-41a5-a16b-3cc46681eec5,Joanne Mahoney
9b53d372-9f9c-47ce-bf97-ea923bebd737,Jonathan Lewis
7892945e-d3aa-4a4b-9996-456186aca019,Joshua Martinez
69b6bfd5-430f-47f9-ac94-fe8afa659a75,Elizabeth Walker
e3964407-a073-4622-9b6f-9cd2c770c2ea,Teresa Williams
b23519af-de7d-401e-b7bf-1e14c05db18b,Matthew Sullivan
17faa286-5beb-4c30-a4e6-2e59f9f92d9c,Shirley Kim
159ce959-3fb3-4112-9421-0c3a72f577e5,Sandra Gordon
783bdba5-28e8-4183-b0d6-0376a2b4bf30,Kimberly Lewis
0548c874-e3b0-46a1-b4d4-87bd26388e3c,Natalie Hunter
f4e68388-b796-41da-b80d-c8d267a08e60,Elizabeth Lewis
4f5aa969-ce82-49a3-b408-75c9d298e841,Kristina Golden
db48ae26-b91c-4c51-8224-64ef5f89bb7f,Mariah Johnson
4bdc89e1-3f4c-4581-9082-f40714df26fa,Kyle Graham
b2ee280f-f963-48ac-af4a-e2ad15043390,Rebecca Phillips
667d015b-8493-4c0e-bba4-d926538e5ff5,William Hancock
5320a2d9-963b-44b7-8d0f-8c5c1750dbcb,Ryan Brown
3f2a22e6-28d2-4f8a-a6fc-2087ab14e4c7,Monica Myers
3b6c0bb2-7129-4ca8-804b-80ccbb444382,Kristina Lara
2e6ddc62-858c-4e83-856a-9a1a0864a870,Richard Campos
e2ec5fd5-968f-499e-9f1b-56e10a641fb6,Alicia Walls
84603807-3d59-45ca-8811-686c57507952,Jessica Stevenson
147fb7fc-c716-44d5-9476-3cebe4dd926e,Raymond White
fd177356-e388-47f8-9401-c5e5747fb3ba,David Perry
889ccbd3-442b-4171-942e-d7b3fc3c6007,Jessica Martinez
5067456a-8a7c-42ab-b27d-ead66732def3,Matthew Lane
ecb34ff0-98e3-4c68-ab42-6691cd7effdd,Molly Wilson
23b56f42-b20e-4556-a07a-4cff9b67bee5,Jesus Rios
9a5e5e00-bfdd-4e9f-83ce-9fffc4395918,Kevin Garcia
52d29090-124b-4c89-b28c-87c1c128d04f,Donna Ellis
6c7e6b91-3406-497d-8037-5c62acfca3a3,Brittney Castillo
b38a933a-124c-4adf-9bfb-c5388c2206b7,Julie Shea
3136476f-d9ae-44c9-a3b4-2ccc0abd24ea,Tyler Bautista
5df555fd-d6e3-4c52-8599-593b1b9b7b2c,Brett Thompson
448df7ed-e4c8-4e2a-a2a8-3389f65d1c56,Amy Fisher
c23633b0-9a6f-49e2-8565-7f06dfda8d7e,Abigail Powers
8a012400-76a7-442f-9408-887ead34bc3b,Michael Wilkins
3c872e37-23bc-4076-81ea-44fd04ebea88,Richard Potter
7679d6f6-21a8-4699-8a10-52519cb0e78e,Kelsey Luna
5a62f5c1-626f-41bd-a3c1-cf2b63560800,Cameron Young
9a65621e-9e1e-4b81-bb9d-2533bcd31517,Peter Brown
27c086a5-ca7b-48b4-98b2-1d4096ba347f,Sandra Lynch
1a7d210b-d6f8-4563-8ab0-fbd64f78e29a,Nicole Martinez
3577c0f5-6357-406d-a7a1-038e10f13cbb,Allen Kline
c10d7ec2-5e02-4410-bdb4-a3fbdc7e2b61,Karen Jackson
e5b5defc-14c6-48b3-810f-75f44d0938d7,Shannon Martin
20f2793b-1e56-4f8b-9375-06ff4314c263,Emily Jackson
d6f3de59-90b5-4f1c-9050-8d92c1200266,Kelly Harris
38f06628-7a45-490b-b014-ea10a8b7d579,Corey Thomas
ba3c92c7-0a44-4558-a012-f2e47dab110e,David Johnson
39983485-ff57-4859-bcb0-4882abed55ac,Amanda Thompson
1d3ae0f0-cee3-4506-82d4-1fad7a6c0104,Justin Weber
3184f625-5f55-479c-9813-f049fd983a83,Vickie Rivera
bfae8f92-799d-4085-928e-b5d7d46768b9,Toni Morris
7fb1d3ba-9edd-4c96-9f69-3391c5650030,Cameron Miller
85a3a38a-cd96-4082-9bfb-caf486f73412,Lisa Clark
392e8da0-c723-4e0d-858f-c73dbdb1e3a8,Anne Mack
d12048b6-b565-46b5-9791-cf0791665bde,James Ray
b5f72bb1-bd9a-4ce9-8c63-24396133878d,Derek Ortega
62eb3675-0933-46e6-ab4a-2c7a91dc1c14,Melanie Brown
6dee8027-ff23-4a51-891c-7460431f62b6,George Benson
bcd68360-0660-496d-a74d-8b26a223b359,Donald Russell DDS
0f1e36e7-a371-402e-813c-10d1c1100969,Margaret Henderson
efb8f751-395c-4255-b9c6-13a28834cdb1,Matthew Wheeler
c7ba8f8d-eae9-4aa7-a4af-2284cc511e5a,Richard Terry
d739ec17-569b-46df-b199-f6efa1383f36,Kenneth Richardson
aba52ee6-e015-4403-b06d-59af3beadc22,William Walker
8b1c0d7d-cf3d-48a9-83a2-9bf076e13df5,Rebecca Stevens
8ea25970-35bc-4cd9-aed9-34c2399226ba,Sharon Morgan
ddf40447-2fe2-4a2e-b7a0-e1503eea5283,Brandon Hogan
233eaa17-2b14-4b39-8891-aedf4ec9cb3b,Robert White
aab4d077-863a-434e-a2bc-7951da09d701,Kelly Brown
228ac37e-3a18-4c8d-a02b-c516ddf0182a,Tara Jones
ad352e33-8c21-4bfc-99af-d68aa0aa61e5,Dennis Ferguson
e8fa0339-b3eb-4212-9a38-94cc9145421d,Amy Smith
27a133bc-a838-454b-990d-71ed9a5d56ad,Kimberly Prince
15a45155-eee7-4f61-9bca-82be9aee6bc9,Dana Hernandez
dd934664-3bb4-4497-a544-a8dbcf3cf1ca,Robert Benjamin
a9be0162-7508-4b38-902a-618669a48864,Jeremy Murphy
538c9d74-34f6-49f0-87f1-e4149868eec1,Chad Garrett
2ed00467-d1c6-420a-90cf-075c1c1db985,Courtney Chung
6b035692-09a1-4611-8c84-69ffc8cffad2,Jason Hess
432543bf-9e58-45f6-a413-a4e5a1f9e058,Dr. James Hoffman
60dfe3e1-2f27-493c-addf-0406e266163c,Susan Ward
66125c3a-9d7b-49f0-b632-94c51266afdb,Amy Johnson
851d3266-0e12-4c94-bdfb-3a0f112d62f1,Tyler Hall
ab1e4992-671f-4f83-8686-fa492e1abaf2,Holly Fowler
15735cc8-1650-44b9-aa8a-b6f8da45d60a,Krista Ford
af961a65-17b7-40af-86ac-fdd037996cd9,John Acevedo
4491d44f-f8db-48f7-9e96-590e6b718e4f,Nancy Figueroa
981b6d94-4de5-4738-83d9-9e8eab7e7529,Cassandra Peterson
37cbae81-a4ce-4a88-a489-f9ca0a331ff2,Peter Smith
ce32245a-d29b-48c0-b765-8335ae890bad,Eric Valdez
3878796d-11fb-479f-89a9-20db5d3fb896,Jodi Ortiz
e10406fd-e242-46a2-86bd-c42aa00a8dad,James Cunningham
d4d21d5c-43e2-4e42-b43e-dc54a03e6769,Lisa Howard
37580593-e6e7-4b56-9540-18f19c27d200,Barbara Martin
9b8ded61-7b4d-44e4-8569-6627b420755d,Lauren Turner
da6d070d-e7b4-4806-a9a5-4dcea943a968,Maria Clark
65595c9e-0a41-45cb-8047-72a42771b778,Mark Smith
f7a3d6b3-7eba-4c83-871e-51de5b816270,Margaret Ford
456b8ade-7f7e-4231-87c4-8aaf5308ee0f,Elizabeth Martin
3b5f1600-a6d3-47aa-8239-2809a962466c,Amanda Savage
54ed6eff-1479-4583-a8ba-d71a8d00f34d,Benjamin Meyer
555a5462-0105-4ed9-9609-80d4013e94bd,Shawn Meza
4fef467c-e579-4148-ac10-0aa63951dd24,Kevin Rodriguez
95473983-a970-4a14-a40d-aee8e442c26b,Lorraine Walker
f628be73-7347-4adb-b0fa-d4c60ba2a922,Curtis Hurley
ab7f3ace-1b37-4837-b084-a7f8d7beb0c2,Cynthia Keller
ad478d73-0a0e-4063-857c-ede56eeaac5d,Marie Henson
3c00c3a4-8b74-4ed2-960a-a4c160e466b7,Andrew Moore
d6d85a40-8c5e-4c85-8591-c419b4bb15f5,Patrick Chavez
9a95a9aa-5d2e-4013-b554-f533007a4bf8,Brenda Andersen
4ad1e426-1847-4076-aad7-d08a4e18a7b4,Denise Davidson
9da93ae2-5fc2-47aa-a62c-26e8b7474fea,James Martinez
4edbbfbe-2fd5-47aa-a8bc-35a83142bf31,Elizabeth Ramirez
9640304d-4951-4aeb-8971-3df13974c35f,Mark Brown
f8a5c7c4-a816-46ad-ae74-d0cc2dd18054,William Fowler
88661da9-9317-485a-b741-2ae8801cb2ae,Jessica Miller DVM
cb4375d5-016e-48c6-a2e2-9aa94cfd4f16,Billy Morgan
cef40aaf-024c-4d14-a8e1-b8355235705d,Adrian Nelson
18dad594-acb4-47c2-abff-1901231752d9,Courtney Carter
5b1dc2c1-68e2-457c-a592-de27caeb3f32,Anthony Cook
d8673192-a0e0-4641-bfb1-e8bc6bf008af,Charles Young
122c64fe-5eb9-4ebe-a6ff-2d1dc66f1106,Beth Moody
92ce9da8-53f5-41d1-b0bd-991db732bc49,Christina Preston
07d85725-b6f4-42eb-8def-31a10c1ec9d6,Thomas Jones
badddda3-22f0-4a97-8f43-c8d651865010,Angela Howard
49adbc7c-142d-43c6-858d-d6528e110834,Jessica Clark
f5734b25-b716-4c7a-a661-47456833b332,Julia Stevenson
42363e49-742a-40c1-917e-6625907e6da3,Patricia Lucas
4329ca1c-4454-46f1-94ca-f87c5b9ca6b1,Robert Brown
74284dbd-67b2-41f2-ba27-763d009e8951,Kristina Trujillo
b8a1a912-ad6b-4c59-b50f-54976ea6c31a,Marissa Taylor
e36bfd22-ff1d-40e3-b522-6fdf526d28fc,James Mcdonald
e9982ef1-6d10-4df8-98c5-e30d6d1e2987,Shelby Wells
6892f7f4-3c46-435d-93a1-4e60e5c6de85,Timothy Griffin
0624b23c-a0c6-47c1-b724-6245fb2ed4b5,Corey Collins
71c8f268-8869-478f-9467-0f9f7b0d4ba9,Anthony Wagner
1b3b6558-5ec3-463f-9cf3-fe06d02a104c,Martha Mendoza
164b5cfb-a81c-4fec-8660-7791ccff0c3c,Jared Peterson
b22cebda-7972-4c27-b4f1-a55623b7e3f9,Derek York
99d6828d-18ac-46ab-9150-8182dd1a14cd,Valerie Lee
f6c69637-a768-4470-b906-7bfea8619f28,Victoria Sullivan
ea9e004b-5878-4cb7-898e-3d5fa584e48a,Gary Anderson
ad3294cd-ff7a-46f5-b0cc-3905c4d63518,Jennifer Henderson
4bad70e5-a554-4165-b2e0-3363fc2148e8,Natalie Graves
472ca081-8ff8-4565-9c3a-8cf30aed62fb,Sierra Howard
50ebd170-575b-478c-b70a-dd88a0811dbc,Lisa Yang
bc1b7b28-4e26-4e02-9e5a-1f08bf72bf0d,Ryan Jordan
d99e8ce8-3544-4d7c-95b9-22036c1196dc,Susan Johnson
3f332f55-5458-4a69-a70b-61ae17d5e220,Julie Wang
6c6c63fd-a632-439f-bd0b-01c5f1fb7f6b,Kimberly Banks
36a627b2-63d2-4c23-ba33-c8d656922197,Tristan Alvarez
6f12ce38-f888-4bad-8251-680eaaa2f4ec,Susan Edwards
c68b1f3c-645c-4c6c-b69d-dd1ef3cf22a4,Adrian Tanner
201cb09e-f716-48bb-9f71-7dfe65c21e22,Stephen Perez
39ff3aa4-5262-49e5-b7d8-1eb689ae405b,Julie Thomas
1cd4f433-08bc-459b-a8ec-185b07709c74,Alyssa Wheeler
4faec830-f0b6-48b0-8337-e3bb37bcc835,Jennifer Rich
9f710e20-c87b-4d5f-919b-5918fa524b44,Kaitlin Browning DVM
8dedd141-94a9-4f50-9f03-b840ee8801e4,James Gardner
1ff3315c-9144-4e00-ae06-c0aae6479760,Angela Marshall
73493aea-be96-4c95-9d2c-43a95e18010e,Nancy Hill
07f1fad2-4ad7-4b90-a6ec-ed9305cfbae6,Michelle Robbins
460ca787-ec8e-4357-8c7d-9459a1290bf7,Dana Cameron
1d482cf0-838d-44a9-914b-f7ad5ba7682a,Mrs. Gloria Stewart PhD
93799c4c-cc22-42b7-af9f-5858c393698a,Cynthia Cook
dba3bb78-a435-4d9c-b04e-1418cfff9b8c,Ronald Hogan
7fb95c3e-7038-4fb1-9d68-1054e5e5c4fd,Lauren Powell
b18228e0-3b02-43bc-8030-9094cc74b638,Jill Nelson
eb53829d-0fab-44ce-8eac-2f29283e256e,Michelle Fuller
a8dd4752-7044-4379-833c-e483fac89758,Kevin Garza
a3bb10f7-1c8b-4caf-a369-f0e1bf50660b,Gary Vaughn
c7f472a1-0806-4276-861c-fb5908ac8098,Kelly White
89e0677c-93ff-478a-96da-8f6790f32e0d,Sheila Harmon
a3e24b6f-05b4-485c-a092-11cc9761e211,Alexander Harris
8876d227-ed55-4bba-b572-aa65796cffbe,Jason Smith
6c6ca7c3-02a5-48c5-8cd5-63e15c3e3254,Robin Brown
985f4f43-e89d-4daf-89c4-abd45e69718b,Rebecca Robles
c1ced0c3-8747-459c-9df2-165ed633f9da,Patricia Riley
f4c9ea80-8734-4a0a-8d0e-d9a86f2433af,Alyssa Cooper
2d2f6d11-ef82-4348-bdff-eaa06c47ded1,Laura Marshall
25f9d3ce-5e5a-4448-a36d-2a8198359962,Melvin West
15a1fa65-b33e-4318-8750-136830eca08c,Tyler Manning
9a98b175-7acd-4289-9237-b6763066c208,Kellie Calderon
3e38ed4b-99b4-497e-ab1d-e612c511957a,Erica Mayer
2b1aebfb-ff2e-4da5-8b19-946b09485f36,Alexis Pacheco
773b9031-d40f-4e4a-aa4c-5a405d0c7af0,Javier Turner
6912b278-5eed-4248-a4b7-e0ae7fe19316,John Lee
b4c11b31-de3e-4ebb-8a6a-05204927f45c,Brittney Thompson
9a80551f-11ab-4627-a5cd-4ff468bdd142,Mary Kelly
10c50674-3dac-4c06-9368-1375e90aaf09,Timothy Skinner
fee2ce98-d25f-49ac-a2b7-cfb957bc4bcc,Joshua Rivera
edc05407-1108-4a96-b63e-b15550853276,George Reilly
bc5ac29c-3e3f-40c7-953d-f79529dab1ae,Gabriel Ford
fb077972-51d0-409c-b048-2031cb2700fb,Jeffrey Hernandez
bfb24761-de79-4c13-a3fe-1f31d0911eeb,Mitchell Walters
109f7d11-5167-48e0-8740-bf2da16ae3ea,Bianca Kennedy
64eddf95-ec47-4d4f-a27d-2a53f145c649,Kathryn Morton
e13ba7ed-589d-4a46-8f29-0d7ad4ccdae0,Peggy Rose
67091837-9403-40d0-b768-e6d0b94504a0,Elizabeth Powell
4014c629-a838-4ddc-9774-4bf5620b095d,Anthony Rose
12fd08c0-5acc-47b7-9e62-410391c759f8,Nathaniel Rivera
88d97763-52e4-4f54-be17-3b4bdc3ecc16,Karen Pittman
a8aa58a7-4358-463c-8db1-f172e4bbda01,Mary Lindsey
d0cc73d3-7cdb-4296-b26e-6391560d3a47,Thomas Cruz
5d376635-de2a-4fc1-88ec-1a8c2fa46c79,Mark Carr
3ddc82f1-47e7-41c7-96e9-58afdeb412f1,Gregory Taylor
47c8af60-4230-4d7c-b193-9d9998d3e3f0,Heidi Branch
050c5979-e22d-41dc-99da-03e7261b4a89,Elizabeth Thomas
5d797f64-f702-4053-9ed3-456377f35616,Dawn Cooper
50daafce-6c68-4b88-acca-e34cb11894ea,Johnny Mclean
2265ff15-985f-4470-aae4-a71cf8f775fb,Andrew Hanna
eea75ecb-5ecd-453a-bdc9-5faf782d49e3,John Fields
8ad6a694-ed4a-41b3-95e0-fd2feea3ac39,Ivan Wright
36a16456-b594-42d7-a246-4289c0f7d271,Maureen Kennedy
348ff60b-ffac-4504-a3f3-528d57dc3282,Samantha Shaw
e6e58fd2-9e28-4e68-8bab-6a53181296c5,Michael Hoffman
344f919c-b4a5-42bf-aef0-9502f185e45a,Tyler Benton
8dc315d6-65cb-4fbc-953c-ae7fe1db4b80,Mark Osborn
9617129b-1088-47e3-a4b7-a738c2f0c5ad,Samantha Nguyen
959bd75c-a263-4d3f-b182-7e40dc19d33d,Sean Mitchell
583dfe3a-f1a6-498f-a469-a7a8a34543e7,Kyle Sharp
6350a0c8-c2fc-4922-b00a-e379008f3731,Laura Smith
ed6d216e-dfe6-4e34-bb1f-9155ff003acd,Taylor White
243b641a-1249-42b1-9ede-bb12f37ae986,Andrew Hubbard
300f6500-4e71-4015-b6e0-f75d2d9bd5d5,Ashley Moore
34b03cbf-f327-44df-87b1-696a4bf8e0b1,Brandon Johnson
8efc9766-4550-4c8b-a43d-453b61851818,Michael Henderson
733a6722-344b-4da1-8d6b-e2fd34741751,Daniel Tucker
f6ad7991-7893-4fca-9649-25d89dcbb960,Gina Anthony
1c1c5fea-11d8-4eb6-b660-2ea8ca7d4341,Garrett Phelps
1fb012b3-aa8f-472b-af98-07f1584f8175,Isaiah Sparks
0a7a4d2d-5487-4176-b5ea-cc1c47ed6161,Krystal Lawrence
ea59e371-37ad-4a12-b79c-b7796da170a4,Peter Lang
6ae3cbbe-6f81-4bba-8d2b-fbeb65eaed5d,Frank Diaz
e7faf63f-bad7-46d3-b872-ba0804483832,Christopher Taylor
10ef73cd-cbee-4aa4-847f-ee6bcaf4e964,Benjamin Davis
6cd5d91f-c64b-4b02-be70-87dfae92db68,Krista Mason
be2bee7b-51ea-4f13-a6c5-2b983f7aa692,Tiffany Davis
475ebe81-4060-48e0-bfd1-9a1cbcdfe8de,Nathan Cervantes
02cc150a-744e-446b-bd9b-e3b8b3c1eb3f,John Foster
332b24e5-6586-4177-ad24-c63cbe3bc73d,Jenna Harper
12b1c73c-e276-4054-be2b-f54f91cb553d,Denise Vazquez
d57c5c0b-4c66-498b-9001-0944684a0c33,Ian Harris
b3b8c07e-3374-45c5-971d-16986ce99a12,Connie Stanley
455a4b56-a54f-49f3-92e7-55f74c1ee1ae,Anthony Lamb
3e72dc1a-4ee0-4984-86fc-b3c7108c2760,Heather Velez
0c73ffac-27d6-4b89-ad75-b63a1a896923,Raymond Robertson
bba3c172-8f85-4ea8-ba74-d4424465c7f3,Michael Leon
86e615f3-db63-4795-b4b6-0c238284ae2e,Christopher Smith
2bd8b01f-183a-4e18-9257-ca6b99f56085,Tiffany Montes
65ae3e42-7e23-482f-8d2b-baf1e69cf534,Mr. John Watson DDS
4e00b472-085a-48ac-81d1-80e9d8053447,Joseph Frye
7021a15f-2e43-48ba-9040-5d9086c1ed6e,Paul Frey
976f39a7-8894-447c-bbcc-a8a8368ef28e,Rodney Mcmillan
4fb8a3a5-5e38-425a-8bf2-0705d3311542,Eric Zavala
d6fb766f-b0ee-4cf5-a112-a362d2092713,Sarah Castro
7abe7ddd-99d9-4c49-93e4-ba44aa39f11e,Veronica Carroll
2338aa10-cdac-4357-ae51-7d798dfd85f7,Ashley Fowler
8f75fb5d-d583-4981-b1e0-eb4012aa2df8,Melissa Andrews
0c877db6-54bb-4d12-b08c-5047a34116b9,Kristi Kirk
04318226-7e21-49ba-baf6-720bf13fc12f,Sierra Hernandez
930c4b08-6ea4-450b-b699-fa8830ac5ca4,Caroline Ayala
2a765eae-84de-42be-b629-d0056b1920e6,Maria Nunez
46bb7bc6-3187-4cc2-935d-173083acb662,Summer Vargas
1988a1b4-497a-450e-9d74-3b2bfdb3e3bd,Jacob Luna
90ff722d-8895-48b1-a089-92bb764e1a7b,Cindy Nicholson
bbd4cd3a-e861-4a82-9d85-a0612e815634,Marissa Garrison
5ae0a52c-727d-4862-b1fb-443a8162eca7,Michele Cohen
f4049004-804e-4abc-b183-c3ae080c0a9a,Stephanie Santiago
c819c40c-25af-499b-81a1-1d3534b8c8cc,Angela Lewis
481ee057-48a7-4640-b34f-2565ad2b2acd,Joe Abbott
f5089852-9e78-4d71-94ef-d874427e87ec,Kimberly Diaz
d0de51fb-acc7-44d3-befd-ee6464071499,Joseph Ross
ec3fbe19-f74d-4742-b6ac-a3213ffd4377,Shelly Collins
66d696d1-276a-45f0-8340-05c35b92ca6a,Raymond Johnson
97e9b6bb-63f5-4c3d-9f8e-0e78c055e2d5,Tina Hodges
a01c501a-f94d-4c2c-be92-e662af923070,Tracey Brown
1ad8bf64-c07d-4084-a012-839585e94f16,Daniel Faulkner
ba772e46-b8f6-44ea-b02b-17c024e1c7e1,Logan Wright
06ed3099-1c20-4f8a-a2f3-bf5c8211c107,Becky White
8c758d71-18f8-4182-8026-8857d5bfc302,Tyler Clay
94a67e8c-c9e1-41ff-8aba-ac37d38ad350,Anthony Rowe
a77fed3f-35d2-46cd-8edb-28b50d981f8f,Melissa Riley
b251a25a-05c3-45cb-9c0b-f2a565804a6e,Thomas Mendez
f3a76747-ca6c-4821-be27-359810ef04d9,Cassie Howe
9844f0f6-24ca-49ec-8936-991c6f2ca284,Nicholas Smith
1554f59d-1fb9-4637-9118-9ffed7b4597c,Adam Vega
2638d9e9-4a73-4693-b618-adc397935eae,Robyn Anderson
a05d16a0-1b5f-4609-8e73-08af27cc3b17,Dawn Williams
1eee28eb-6ebf-4397-b8ff-5769daf38c95,Jake Robinson
903de23a-90d4-40b7-af35-80c1bed48f3a,Roger Mcneil
d569389d-1097-4273-9eaa-2cb86ab2c5d3,Emily Hall
bcaf892b-6f46-4dea-9111-fa98f317b6c5,Melissa Estrada
d49f1058-ad2f-440f-9db1-8061f56d5c88,Donna Brandt
82837383-48ca-4ac4-8308-a8c0f0c39c98,Melissa Holmes
cd7cb482-5192-4fb4-bd94-baeeacea56d3,Miss Michelle Clements
55cd614b-ef56-410c-b7f4-60427f092496,Matthew Gonzales
7a7876fd-18dc-4b49-8f83-69168f70f7df,Kevin Mckenzie
5eb7b057-baf2-40ef-94bf-ab7eef9afe6b,Meredith Patterson
860ee727-39dc-41fd-8b68-b4f2a037b1a3,Julia Long
d3b3065b-4915-4d21-8cba-1ffbf98cdc4f,Kenneth Simon
f5082c9f-d684-466c-9773-d0782e028c98,Jennifer Sanchez
3c9a825d-1196-400b-8c4a-7718fb5291fc,Anthony Webb
906686e2-4e88-4c15-8baf-c1c3b43398e9,Thomas Garcia
3f423e33-081c-448c-a483-209c5611e614,Thomas Carlson
f40af95b-2f46-4175-aaed-61cbf46f9eed,Phillip Cowan
51a255c8-218b-4647-bcc1-4b9426c8b25e,William Soto
5bf6db68-ec65-41e1-91cb-c35d5bfb0568,Christopher Holt
6ff142f6-f50d-4d21-826c-d8fd2a94d3a0,Nicholas Randall
9ffc06a0-1028-4581-937f-0e2d5b986d79,Brian Barker
0374e351-6a53-45a4-bf05-5ddd7df36247,Craig Reed
79641527-11d9-47cd-a031-5093dc48fd41,Rodney Rose
5ceba61f-90fb-44a8-8e06-db0fa08e441b,Curtis Martin
d78e65a3-967c-4a05-ab2d-4d7d27f9e3d8,Janet Rodgers
51e1ad5d-7169-421f-a405-b179538b62e9,Monica Boyd
a4fc9e3d-3461-419a-9b80-bbc42e38b7cc,Donna Garcia
7a3a9833-cd5c-4cbe-a8a0-f36bf5c1fa58,Jack Baker
659a71fe-2436-46d0-ae8a-cc255d218159,Johnny Santana
2a8f609a-0814-4a8a-a783-f501f130de83,Jasmine Allen
e093b145-e09c-40e5-8c19-7f9a98558fbe,Justin Farley
40387b87-e571-4bd4-8fa3-68ccb03674cf,Caitlin Leblanc
865d3845-462e-4a6b-8c9b-f4b5e01fb023,Anne Jenkins
cdad346e-8001-49fd-9ad2-a633ab832114,Stephanie Ray
b47111ad-69b0-4095-b3e5-f1e279bde9d1,Tiffany Barrett
d828aab2-bd50-45da-a85d-0edd5921ee59,Brooke Carey
e9608d60-f9af-4109-8e14-b390eb4a7086,Jason Pratt
6ebf79fb-9273-4fd6-af66-b679984451d4,David Bowers
572fc8cc-a47c-48d5-978c-8e356b3a1469,Melissa Jenkins
a685e2a6-92e5-4509-9887-1bc734393808,Diane Hubbard
6f144dfb-2a2c-4be7-931d-77f6a70fd4d3,Michele Yu
ae1b69b6-7061-4022-b1b5-7f684e2a7ca6,Gilbert Henry
fcd3726d-02ca-44d9-bdfb-dd4c338afc31,Sandy Lara
1f59ee7e-13df-4af0-9284-e3d3add9b7ef,Heather Jones
b82f27e3-cb4f-49c2-b29e-55d42068d9e4,Andrew Baker
ec1a5ce4-cd8b-449f-8f9a-18024b890db4,Kenneth Levy
cbfbda18-2c5f-483a-8893-2cd7dd726589,Daniel Galvan
f4181ac4-5ba9-4433-bf5c-5f778d8fb15a,Steven Stephens
67c8523c-1db8-4379-9578-7c6873546ed0,Theresa Johnson
11559291-c804-4d49-9026-d90bd2efaf54,Gregory Gomez PhD
9c9348e7-649b-46e9-8b7c-5f91933bb800,Vincent Rasmussen
ec47e02c-7e69-4d7f-95f3-af78d2573067,James Chambers
78c80a0b-803a-4134-b56e-c6d86324315b,Dominic Cain
93b428ac-363d-4aa2-9f4e-6cb887889637,Noah Miller
6e203883-225d-450f-8873-40d7b313b06c,Stephanie Leblanc
a4bdd5d3-7e0b-46d3-836a-8eb223ca2ea2,Justin Jordan
a2bca1fc-6db1-4dde-b0cc-a6e792f92c7e,William Castro
4cae83c6-e762-452f-9b13-255534e5919b,Joseph King
f218fb61-a7eb-4286-97a4-7577d15e2f36,Destiny Spencer
ba2aedd7-98a0-4efa-9062-14cdf789d991,Wendy Bernard
eccad7d7-7a93-4e39-b3a8-df0de0e417c9,Valerie Miller
38527a41-1b56-4bba-8fac-792465712c0e,Chris Collins
44ac0676-1e0e-4d93-a018-d4c026d99fe8,Jason Bush
4d197700-862a-4cef-a815-64dac22eb587,Tina Norris
a48dd60d-0123-4ba0-a665-a9a1ccd0fa38,Nancy Smith
c8c4ae39-1e84-4c38-98ff-573c8a52d1f4,Kathryn White
4705dc2f-a234-43a3-84b3-0b361671b617,Thomas Velazquez
876c3647-aa3a-4941-b27a-0a07a48f2575,Amy Johnson
53d1fbd8-902a-41f7-b18b-63c80f5822b9,Christopher Allen
bc54f14b-fc7d-4f61-9edc-668145640820,Leslie Morgan
d550af2b-ee20-472e-8fc2-d1b43ef36f61,Michelle Mathews MD
ac90f31e-a93d-4df4-8989-7f9246621abc,Michael Johnson
b3f1082e-4f55-4b8e-8ee9-e82596f3f9ad,Erin Jenkins
478e57a8-0a42-4aa6-8c6e-7631c70745fc,Gregory Richardson
8274e6c9-3847-4588-b49a-b2ef7a2aada6,Michael Smith
3d7005b0-7f12-4357-854d-c602e026b772,Amanda Manning
f44bdf76-c135-492c-8a94-839ff53c6ae6,Dr. Stefanie Parrish MD
ba42f8e7-7e2b-49fb-a50b-8c215a434d2e,Jennifer Alvarez
eaa647a7-772c-4d0d-b6c4-6d7a5b359560,Anna Medina
c8005a4c-ad42-4b72-bf5d-ee4c6672af12,Michael Rose
47ff7629-d07e-4e16-872e-3a58864591d6,Gina Curtis
66790307-0be4-4678-90cd-02e250e6e628,Jeffrey Bradley
1548378c-68a0-4b77-a4e2-2dd3b1cd26a5,Michael Valdez
6546d667-0749-42c6-acf8-127acc73a364,Erin Harris
02050acc-ef6c-415f-8919-5d6f43eeb7bd,Lauren Barnett
89459fc6-4a5e-4ec2-845d-db71ef65536b,Dr. Aaron Mayer DVM
1747026e-c437-4608-ae5d-cc0ae05b415f,Robert Atkinson
5eacf9ee-da0b-4a1c-816c-1aacfc703f0a,Jennifer Young
16a3353d-b851-483f-888b-b679ebf1a6f6,Nicole Lucero
f14d3def-1afe-4cb5-87bd-83bb5c907cab,Ms. Jessica Peterson
c627c10e-1587-49b1-9eb5-077d397bfe46,Dylan Hull
6b3db254-0d85-4950-b625-d9ae26ac8200,Pamela Olson
772b6d80-b88d-46a9-8fea-fff7b81d3725,Rebecca Burnett
38a41fa1-fe9b-469a-baa4-160a594da13a,Greg Bell
5b9ddc6e-8f7c-49f9-9e0c-e0079f5a5727,Stephen Castillo
bbd0d27b-d861-4411-bda2-9ffb83f0d1de,Samantha Marks
0f5758c0-99b3-4edd-9087-c18f84752d83,Patrick Carson
c674a0cd-5da5-4928-85e3-215c998023c3,Laura Arnold
85510759-6632-443b-9479-d9e2bf923e7c,Jesus Durham
da1d21a5-f48e-4064-b9c3-83275bab7a1d,Stacey Ward
98ca2114-50d9-422f-af06-60074c23af58,Karen Jones
37d4f8a1-08c5-4eeb-8ea7-f0208164cbc4,Christina Stein
e8f08f0f-59ee-46e9-b20a-964e8b9da581,Carla Gonzalez
e21ec4ac-5ae1-4dc5-9c8b-75e666693d02,Kayla Burgess
f411377f-a059-4943-a3b6-8a4c9a7c62e8,Michelle Sanchez
ee86f038-7271-4040-84ea-e5a935c180b4,Amy Moreno
a0064fc9-df38-459b-bb52-cefcb940c121,Melissa Cannon
633630f8-d110-49bc-b638-e90e99ee241d,Frank Rasmussen
f8023397-480d-4c15-aed6-e6d92bca2963,Jodi Perry
6e46eda4-b1ca-43d6-9f68-5de8ef6350f3,Kathleen Thompson
f1d24dbc-6ae7-4c2e-ae41-d819b98258b1,Shannon Carrillo
3c49da06-054e-4e72-aa2b-f3b04dbdeeac,Peter Larsen
824098b8-a071-4a49-aed0-9f0478f125c0,Whitney Lawson
10cd2837-0d03-4d1c-9c8d-9e27ce4ef2ac,Anthony Burke
4c035795-8290-4d1e-a45a-b6c6b9caebf3,Mary Kelly
b132ad86-4ae5-420b-803b-2b4736f6d45e,Joan Barnett
b7e260df-4eeb-4ef7-95f2-0fb78321a35a,Mary English
36085095-b49b-4dfd-ba52-46c545b24ae7,Zachary Acosta
1c478b4d-fc30-4c6b-a834-4742c038ef89,Kenneth Jackson
ed079b21-ebc1-4fe0-8a5a-58f49401b126,Billy Williams
de5451ab-bf4c-48ae-8cb1-94cf6cac4e2d,Brian Hayes
8c4ff0bb-47f1-40e7-8103-feb8b87d9bac,James Gray
3168b82d-0bd0-4f7f-8883-55378367d379,Thomas Morris
85ce0cc2-3c84-4c20-8aa2-3a8564bab0b8,Jonathan Warner
5bb20848-8c3d-4bbe-b555-b3ae7892cf4a,Melissa Cook
23bc9f2f-d46a-4d51-b7aa-6b1c45859a5e,Rachel Haynes
5292df66-9a90-4d10-b174-bafed3af0031,Christopher Bates
cb5370b2-0f9c-4ce1-b2a6-cec61911ee86,Courtney Johnson
b5e36bb1-9617-426b-959b-cbbd15057c03,Jessica Dunlap
7a9f071e-5f37-471b-a6a6-029f6911e537,Erika Kirby
d3b758c4-3b78-4fae-a10b-7a15b3d3374d,Katherine Welch
60894294-0ab9-448e-953b-3a7d21997dbd,Donna Kent
b52dae77-9202-4f68-a7ed-2c826f89198c,Karla Wilson
90b5fbee-1610-4db6-8ffe-21811d10918e,Tammy Brown
8566955a-9e14-4649-9a06-c584b371aedf,Katherine Reed
37e522b0-036a-456d-995a-27febfc685d4,Antonio Rivera
49ef6171-dcf7-431a-936a-45532dc9bd61,Michael Robertson
4f751de9-6c35-4549-b5e6-579e553a08cd,Martin Frank
4fd2f2f8-540b-44c7-bcef-7be51887e0b5,Ryan Tran
3afaa415-4d82-4f9c-b874-8f7db4d04850,Wendy Gillespie
16316293-5bdc-4af4-ab39-edf321192d58,Kathryn Burnett
ed26e048-b7a2-4ac8-a525-903517f26e0e,John Moss
48dd4322-e196-49c7-b3a6-633512bbb29d,Daniel Mccullough
2c39e72c-ee57-47fe-bbd5-78259453cfeb,Jessica Mccullough
57f28181-7fd4-494f-9d13-085ad7147d1c,Jessica Holt
10973ff9-1dcb-4309-997e-027554977282,Melissa Tucker
4c87f4c5-dbef-450a-a652-0c5efdb634d8,Daniel Arnold
0f3e56d2-d4e4-49e6-94b5-2d3da361fd3a,Dawn Mason
390a2601-63f1-45e5-a1c3-a415a38468c3,Michael Vargas
a1cc247a-f6e0-4684-80f8-4bf03600f372,Joseph Howard
1bf5bc41-08bc-4c4d-a081-79b1e68615a7,Joan Mckay
2e6cb423-dda6-4fdf-aa73-587dfd7a61d7,Laura Sawyer
63cfbdab-7f81-4a65-a1a8-dc03f8e07a2f,Arthur Hunter
2de7ba50-9a9a-44d4-b5a3-32ccf81a7770,Nancy Vasquez
948e9a8e-92ef-46e4-b699-3dd05b36f473,Melissa Thomas
71157d77-8ffc-4850-a7a1-f8e50113f1c2,Andrew Bullock
bf9bfd19-1955-4a45-a110-63825dbece47,Jordan Richardson
f04a12fa-18c1-42f5-9f0f-fafa181b07ee,Alicia Lopez
77fd5092-50af-4d99-aecb-a1ac4e40c033,Matthew Morrison
825f34e0-6780-4886-8da7-a5e7b89ca061,Ashley Watts
74c7f635-5ada-4c1c-9992-e8b91edcfcab,Andrew Palmer
9d4c05ed-603e-4041-ac34-65dce3d91a26,Adam Torres
15fbccbc-9a14-4a29-af53-e3ab6012f2c2,Molly Sanchez
19ec0545-67c8-4710-aea4-659fdeb0cc65,Robin Carr
533a4d46-4209-4a8f-8f3a-18686efe696e,Shannon Martinez
1762cf0a-bef4-4938-a8f1-a8297ab8a329,Tammy Mitchell
240f950c-1170-4a9e-99fb-337bd6db6876,Kimberly Stewart
23064ff7-4676-4097-83b9-818d80de9461,Alex Arroyo
fa057b0b-52c9-427d-b36d-ee6143fa5342,Michael Dickson
41202203-2a62-46a5-8f65-ceb2b9970984,Wendy Jackson
456b6ce9-0d08-4893-adc9-bc3f332f5001,Mario Doyle
8f4a0403-ecba-43fb-bbb6-bc180c263bca,Michael Klein
dfa38793-a961-478b-9339-4ead07602acf,Randall Davis
938aef23-7927-4998-95fa-3df68a3d1776,Juan King
509b418c-b996-4ffc-a6b1-6958412a70f1,Jill Boyd
56cbc5b9-3ef2-4b3f-8482-6c260eabea8e,Stephanie Morris
bbc62c7a-861c-450c-a412-3e036a85f8b1,Sheri Edwards
e1c8af19-1858-4f02-97f7-26c7a0b840c1,Frederick Harris
b3a29540-7509-4e26-b7ce-9993c82bd38c,Cynthia Garcia
215e1b12-5220-4fcd-bc54-998cccec06a1,Brian Kemp
4acd81e6-a268-4c6f-b7ef-daadcf8fe218,Angelica Kelly
dc87701b-b395-42f3-915d-c16ed09988dd,Christine Riley
e7f4dfa0-0144-4fda-8e57-32a09355b973,Richard Smith
65d55ce8-ff12-41f7-8011-0a75ad82cb6b,Jonathan Morgan
ef5654ae-7230-4bb3-aba0-5ae62b0e3d04,Andrew Carroll
934e0799-27cd-49e8-84e9-ccc33933f4e7,Daniel Ramirez
0c712115-eb03-4795-899b-a65fe51b68d6,Robert Chen
32f0bbd3-30b8-4c0a-8c28-6dc7194704ee,Angela Lopez
b938e30f-7877-48dc-9582-83ecce08938f,Jamie Williams
20984c02-4366-457e-b030-a6b99c532bd7,Laura Mcintosh
b5791de3-63ee-40e4-98f5-1e9e17914224,Vanessa Vaughn
56fe022e-8dea-47cb-8c0b-88c231cb9fd9,Connie Mooney
2fda246b-0320-45b4-a0ba-640892941963,Lacey Brown
6785ad79-6d2d-4535-ba11-df4baf75c18d,Brandon Moore
683c39d3-481e-4ff5-b89f-4588ac3d4327,Teresa Benson
56bbea20-f281-4b9b-85c2-aa80a66b236d,Samuel Andrews
a1e99ce4-c8bc-4e8d-be1e-5b36b89e3518,Katrina Smith
6d8272eb-ee21-4c34-8b0a-5821058fb815,William Smith
33ae907e-0ad8-4848-b0b0-143a267c6e25,Cristian Berg
0c4dee5e-8867-4e2c-9349-83946d543ad8,Dakota Luna
27418e02-1a19-44fe-928b-94a9e1727e7b,Rick Lee
f772dfe4-6444-454e-a6a1-a02c8b80e5dd,Joshua Lopez
ddaa73c1-bc9d-47d8-9603-b315d2ad0e47,Robert Sullivan
8120a74e-70ed-4058-9286-658536287703,Jason Martinez
ac72585b-bce5-442d-80c2-2861d9d5af13,Jacob Riley
c6363c95-51aa-4c11-b27f-59cf76efdba7,David Henry
73329a80-aac8-490a-8204-59c91f38d501,Michelle Thompson
25b78bb4-6eea-419a-a67a-ed8e6e3ff76a,Robert Fleming
98d70695-2b94-407c-a061-441d4355272b,Douglas Velez
8106083e-c459-46ec-ae0b-b5616632dee1,Travis Clark
26e02103-71ed-4fc3-8388-6910256a8534,Laurie James
9f1d8aa0-d372-46f6-a894-69599f272728,Daniel Villa
6c36b788-6f1a-4f31-ac81-4bf694b5935f,Ricky Washington
c41d4bec-2a9b-4347-a99d-7f83988096c2,Nicholas Le
02f6c93d-af1b-4cb6-9dae-4f1e8fef7e8f,Mrs. Kimberly Johnson DDS
9beede9a-52f9-4884-994c-c97e82ecc4f0,Rebecca Holt
4288be8b-2078-49e8-a4c8-885a68a08cac,Heather Hamilton
073dea19-dd0f-4e30-bb52-d8b9fea49185,Mary Taylor
3eb67529-b1f0-46d2-8cc6-9603deada501,April Gibson
90d76c6c-0d3c-4201-97b3-e8ba73637646,Timothy Reyes
3259ceff-290a-4a2c-940e-518b2235cb59,Susan Wong
62b65423-072f-43f0-b910-c115549883ec,Adam Hall
5e78bf80-154d-4b15-b8b0-d118840fb85f,Anthony Franco
b81778cb-80ce-4ab6-bdf3-4924c5a0f32e,Amber Rojas
14c71cd3-1eca-4a3c-9afc-51d99c732213,James Clayton
abe5d302-c88a-416c-8cfa-687c15ee0cea,Jennifer Weeks
6a18d2e4-e949-40c3-beee-7deea97a738e,Brandon Parks
2b09d24d-8062-4209-ad35-6be304658bd6,Amy Wade
f28b9a8a-27f1-4806-9890-562d8d61b6ab,Alicia Robinson
7cb89b30-900c-4bdb-bb24-050d026118cb,Lisa Duncan
5fe64efe-ef35-40cb-991e-80d02cc78c26,Tamara Andrade
26a24860-e161-47dd-a87f-5b32708a4129,David Hoffman
c15932f5-26e9-4ed3-ba4a-41bfe9f28d41,Kimberly Hudson
25dd2a3d-cef3-4572-a212-a81121b1f309,Justin Blackwell
fca829f6-c5c4-4f0e-b38f-e711e0eb5abc,Angela Kirk
724f7352-383d-40f1-8457-61bb53e66c52,Daniel Spencer
9869d492-8703-4ef1-aa51-fdbc9f2460ec,Andrew Harmon
704da832-0d49-497f-beee-d9a665307400,Denise Wagner
d6e59ef2-33f7-45ac-b5e4-d64ce153dc26,Colin Thompson
f3b20375-ac3c-445f-b40c-19153c13eb2c,Angela Gutierrez
11f2bf97-9922-4688-be58-9a5c25c51c40,Aaron Henderson
4ca31d3c-ce3e-415b-9631-350c54a23b31,Andrew James
d1fd618a-98c3-47ec-8941-413c9a7ad70d,Aaron Smith
791f8cde-a064-4115-916f-bbea9fd4064f,Joanna Fletcher
ec0029bb-bdcc-4a18-8b40-18714c0f5e34,Daniel Santos
f73703c4-0bd7-4790-b24d-e041c831be65,Robin Coleman
4ffe096d-0de3-41db-ad23-72a249b20014,Susan Wang
e0414021-7132-45db-ad92-d605d284e6b2,Sheila Smith
4434165b-3212-416c-a226-0c9dee54d440,Mariah Patterson
323b0f04-b035-425e-9451-c6a4f8800100,Melissa Hill
8c9c490a-1668-4e01-967d-6a3364145816,Angela Nguyen
e029f249-b644-49f8-bcb1-445ef0cb1445,Tina Johnson
60658ae4-2d7a-4d5a-8a04-0ce6dc03e2e2,James Barker
961bf74d-b32e-4cef-9d3e-3d2e83d26f1d,Kaitlyn Hughes
b73f2976-e17f-4a7d-b44f-5da622258077,Amber Parker
6de90b82-37f3-45ab-9a47-2b1909a8162e,Bob Barnes
60d2c5b2-b14b-4b32-89d3-3e10b5b7e587,Michaela Jones
e72de36d-95c4-42e8-9c23-7f20d9b42f73,Kelly Johnson
18de58b3-3ae5-445b-819f-ca7671246cd8,Steven Stokes
9e730629-3d6e-4bbf-aa26-d6e95c314f63,Judith Liu
c8a0e88b-6348-4b5d-9113-ed348485cc3a,Alicia Beck
fb753905-e7e1-471a-8953-99b96235d218,Carlos Mcdowell
697a455e-e819-4df6-b8d8-123636840d5f,Lance Carter
86f1cc37-c7b3-4494-8df9-edd899c88ace,Chelsea Mcconnell
f228e3b6-55b4-4391-865d-174f91653b10,William Williams
5f2828a7-fbeb-4c9e-a1da-fb6a8905dd91,Stephanie Carter
d6b82ce9-4ef5-48fe-8f09-4dfbd6ae7db1,Christopher Morales
790147b3-ca3b-4bec-be21-d93133687f55,Shelia Ray
3c71b5dd-dd95-4274-ade7-1f108caab61c,Kimberly Strong
cd960da8-a25f-440c-b15a-dc052ca28f60,Taylor Stephens
27ddb022-bd1c-4c60-84a2-2edb0a0fe923,Tony Jones
680798c1-c64e-4219-94f6-12c183508c4f,Edgar Murray
63573dfc-d13a-4ad3-8631-dbd077b81b4a,Sarah Wagner
108e0379-2521-435c-85f6-4548d7322d66,Melissa Young
4cf6792c-c4f4-4666-a558-4d073371ce6a,Jonathan Stewart
46bee52c-a675-4454-8085-e7a624970583,Lauren Warner
d2561f64-e871-4d3e-ba35-b228f8451957,Tara Scott
f51c123c-dd3a-451f-ba88-1d74dfa19110,Stephen Galvan
7960b6c9-2a9b-4aa7-8dca-da90fc4b28b0,Christopher Foster
296604e8-9b61-42bc-9567-39f18cd8813b,Marvin Hill
a4ad6ad3-f90e-4f24-b03c-8b90fbe72ae9,Adam Turner
1a8ee4e4-1f84-431f-bc47-5c81661082c5,Teresa Smith
195595dd-0d68-4781-b9d7-4f100051d59d,Heidi Ferguson
9203483f-89fe-41df-828a-41bb44135ce0,Brandon Schneider
51b4ae84-8666-43cb-9631-cb821c550599,James Carrillo
3b12f295-598f-4c7e-82dc-fe10613bdad1,Jose Smith
63f6e246-80ce-4d49-9d88-9c5a09ec1a3b,Sharon White
e90bd85f-b0dd-46dc-b72b-eca3f1227f09,Michelle Christian
6e8b4d3a-eb23-4ba2-b586-438be5723775,Jennifer Jennings
7c6fc984-27ba-4a37-96fe-48fcc33143cb,Mr. James Waters
51ed923a-f1c7-4bf8-8f18-52460489c0c1,Amber Brown
61ca8050-1b76-4a67-a171-c1db150f6f54,Courtney Diaz
693848d4-c6fa-4313-a7c1-ef8bd4338a0f,Kimberly Burke
56fce97e-7a72-42e2-98c5-6a392966bd8b,Margaret Jones
0f4ad7b8-b623-472b-8839-0ff0f114548e,Carl Middleton
96893deb-b3bd-4361-b47e-d37fa488653d,Jesse Newman
bbd03091-ca63-4515-8335-2fd63e05e3b1,Samantha Mejia
ab988335-d387-47e8-b9db-2215fb48eed2,Marissa Brown
d15ce7c7-c733-4f02-b5ff-01d77de12770,Christy Rosario
d26347af-ca64-4f64-b759-0ae19fd3cb6c,Gary Barrett
64c3dcfe-4716-4d73-8401-b6120b98c6c2,Allen Daniels
0a0d4481-732a-429e-8859-73f5b3fd9c90,Malik Mora
3775fa40-440d-4bb0-b57e-38c7b6ac6c56,John Yu
11cfad1b-b353-4c75-89a8-4f349d43ec77,Julie Bates
92e50872-d854-4713-b647-1d2bfce7957d,Luke Allen
6192aa5f-6a5e-437b-a644-195028ffc1b3,Travis Bennett
fdfa4072-295d-4e97-96f3-439cacaa9150,Patrick Richard
90d815b6-7d42-45c0-9fe9-88e16244ccf2,Janet Irwin
9c09f797-85ba-45cf-8203-de70bbe70fd3,Deborah Sweeney
195d405b-e192-45b3-804f-90cc0929e733,Tanya Coleman
d8907fe5-3899-458a-8e96-be48f3d3eb3b,Emily Bailey
8f1669a1-02fc-485d-98c1-4e3f6b544494,Ms. Margaret Chen
6b6c3d44-96b7-4ec1-a0bd-7f29ba224faa,Tracy Shaffer
5e6867c5-c582-4135-9350-50122326076b,Ronald Moss
18f61143-6b6c-4d25-9791-40577bd50820,Ashley Tucker
48438105-9895-4f4f-8705-c6c480d3c61c,Natasha Snyder
6d605d30-9d42-41f6-a0cf-9f32ae908654,Virginia Espinoza
f75df063-1e88-4133-9f38-96855c2fff35,Derek Martinez
2daf417f-9e61-4746-a3e7-7bcc2caf1c66,Natalie Brown
ed348a78-5811-4cf2-bb49-7062a361ca4d,Richard Singh
394796df-9637-4728-a1d1-88ae7d28cd61,Elizabeth Roach
0bb2aa99-a940-424b-9145-749eec5048fa,Alexander Gould
f5dbdebc-98e0-42a7-bdb0-632a74257bf3,Justin Hickman
82b87757-ab6f-4884-9a5a-ca8b61b36cc7,Meredith Velazquez
00050d76-43fa-4da8-881a-3099ad20d020,Jennifer Howell
f27e5e2b-db91-44e5-b4d3-015f1a2d3fb0,Allen Craig Jr.
af076a8f-5885-47c0-a69c-6e39950e3839,Carl Randall
bbdf1886-c3e0-487d-b403-f3828e7d6c56,David Smith
6711886a-1348-4625-8bca-9547efb3a1b5,Julian Stein
b679dc61-76e0-47eb-9be4-15295a8bcb79,Justin Lewis
6f7fbc96-07a9-4a74-a1be-f29ac9fd389f,Erica Vincent
960feb6a-3aed-4831-9721-3052930d833d,Kim Flores DDS
066c37ce-e5d8-4600-88bb-8220e5b2a4d4,Melissa Mitchell
2923951a-d4da-44fe-8ee1-29edbec6f4a2,James Baker
96cc992f-b060-407b-825a-3034831b431b,Sue Williams
b9369fc2-cc07-4de0-ae7a-34254c13b90a,Joseph Smith
b564e65c-ffbe-42c3-8363-a1dd08214bab,Casey Hunter
a202fbf2-6846-40af-96a0-72885d89de17,Rebecca Williams
73ca8d1f-b181-4ce7-a429-959fe1d2ff94,Mitchell Allen
7e9c8fc6-fb68-452f-a763-f098c28238d0,Sheena Prince
f9e94541-247d-49cc-903b-73dff3464a43,Stephen Knapp
ffffb629-f6d3-4ddd-9153-2efa54ef76e0,Bailey Huang
59e439f4-6eff-48f0-af35-43d77be4a5ac,Bryan Petty
72c8bd94-3376-4227-9fe3-db7ccabcbebd,Ronald Valenzuela
75f6c39f-d2e1-4621-99a7-144b863659c6,April Reyes
1e40fd18-7fee-4530-af53-d743bdcbe57a,Makayla Clark
247e7843-2760-4886-8547-7f5c9385e9c5,Michael Lopez
a1bcf8a7-6824-4543-8923-1a0500e237ec,Sherry Morgan
800a8228-ca79-4ac2-9b34-f2345613d6f8,Joshua Yu
b2c603f2-a5fd-47d8-898c-bd51046e493e,Tammy Washington
289f5dbb-7fe1-4a68-ad3e-d9a47cd7bde7,Thomas Brown
ac69e4eb-0179-4da3-a0e7-89af3231de7f,Ronald Smith
51ab0363-12f6-4829-bbe8-b127f2769a5b,Alice Pierce
88ebcde4-fe7c-4902-98a5-a5490ef9718f,Elizabeth Campbell
1d49cfa2-c853-43f2-8bf7-ffb5e6d56669,Rodney Harris
a6c4d67a-bfb1-4773-bc84-f814e98872a9,Dylan Weaver
16f194c3-443f-43be-a4e4-591dd27acf64,Peter Hebert
b3159d78-c941-400c-b652-91432fa717e6,Kelsey Garcia
107d0124-92ab-425b-ba25-d9270c41923a,Carlos Kaufman
4e0a0419-6700-4d08-86b8-2da512310e84,Taylor Gillespie
fb202247-ea8e-49d3-95b8-6cf24544e538,Christine Wilson
d59086dc-acf2-4328-b726-2282ee40c809,Anthony Jones
387614ef-0cd5-42f3-9f16-b2e7df465889,Mark Schaefer
012bdbff-da74-4ac2-9a0d-f1ab6efcea7d,Alexis Smith
da6f547e-782d-4514-b622-20876a3297d3,Jessica Smith
b695d3b5-b9e4-4403-98a8-60e867da63cb,Heather Duncan
b572950c-0503-4649-ae26-034a34b856ca,Michael Boyd
cac76f35-61ba-419c-a3c0-025b8899e0ad,Noah Moses
201b16c2-5a30-4245-9faf-966756474274,Roy Compton
8699746b-5848-4a79-b66e-c8ea1088b281,Thomas Wheeler
63411a5a-14cf-4c4a-8e96-d2ccc2c6c931,John Johnston
93a8ce3b-80e6-4f63-82c0-e039e252087e,Daniel Bean
5d64672e-7c75-49b7-968b-db2353a1faee,Erin Fletcher
87d33de7-8978-452f-8383-d6b915704625,Kenneth Evans
0f4c2cf1-059f-4472-be63-d263d23b1afd,Grace Lane
4f41e67e-d650-4b31-83ca-465a4c490cab,Jason Ballard
3c683c81-e444-45ba-9d4e-6249e4ba5ba3,Marissa Todd
e10a287c-128b-43d6-975b-8b80362eab5e,Randall Walton
0b1fadbb-2e9c-45af-a816-d1f64bf1bf22,Alexandria Pacheco
3f81aa24-85c5-471a-8177-300472643784,Rebecca Wright
b5384b68-a758-4864-88d3-e3357575f88b,Robin Nunez
e9e735d8-111c-4ab7-a54f-eb2684d77922,Kyle Franklin
8e0616d2-d8f6-4180-90bb-24e94d39abf0,Willie Galvan
49a87669-3395-41ab-88cb-494998c578b7,Rebecca Torres
360b5800-40d0-4806-99cf-d8f06e823238,Leslie Harrison
a178fbfa-2771-4f29-bf41-0d89f24d6df4,Charles Gregory
443e39d5-eaf9-4fe2-986e-47739fa91198,Joan Little
83424d7e-ad59-4a47-baea-2c0e23e14452,Andrew Murray
ff1a5746-3d3f-4b93-8ded-088fef2ae01b,Charles Khan
b802afc9-f3ae-4de9-b1bd-588447b23eda,Jason Hickman
aa141a60-d53e-4f4a-bbd4-1331a09b6917,Jason Duncan
78f7d06d-2988-4d0c-a5b7-333e0034a180,Alicia Erickson
b810f930-1832-413a-b04c-e6cc7134cbe5,Sharon Hodges
ca68f386-12c2-497b-b4ce-851cf60a4fe1,Brandon Dixon
7dd4b149-38de-461f-bde8-260a3992367b,Eric Brown
ad65c20b-341a-480d-bd5f-ba13f7b73fa5,Abigail Villa
15bf76e4-5d29-4dca-911b-33eac13d94f0,Jessica Daniel
a9563478-332f-452a-ad94-cd079d34be07,Joseph Alvarez
b8a9379c-15e3-4464-a2b0-d2503244c4bd,Michael Lewis
0f2f9ce9-f821-4494-9e59-1bf5176adf38,Paul Christian
3b188e82-7f5b-4c82-8e10-a87722ebdb45,Amy Johnson
74785a0c-b420-4e1c-b9f6-8d7d9518c8a3,Maurice Jacobs
fd34f12d-b187-4720-ae2c-c57094486008,Jennifer Sellers
30da0eae-40be-4afd-8b7c-ac61afc5045b,Ashley Johnson
5e4e0b11-ba7a-4ddd-8b0a-823fa1fc54a5,Shawn Berry
49dc2155-1483-440d-a78e-dbe9f08851ea,Brandon Dyer
0efb5cb0-dceb-4ee8-a188-d0151c23627e,John Hernandez
9b2c6485-bf13-4927-9b6a-49f9668de7ae,Randy Willis
290b509c-ee52-4ab3-936f-ed60914c5854,Edward James
39815c4d-55a5-4a16-9ddf-de77d86c5945,Dana Beltran
e26f4b72-e782-48e8-b979-557b7a4984df,John Dickerson
21ed36bd-e134-4c87-b0c0-ffa2d575f3db,Peter House
50c1143a-a899-4e89-a39e-91549e7218b3,Jennifer Anderson
6c064bff-3457-4793-95c3-797d6541a732,Nathan Gibson
76fb4b4a-1cd0-46bc-ad26-1d9d812e122d,Carolyn Kelley
d0e6eb8a-0cb6-46e4-ac6a-d58fd8aa8c8a,Natalie Garcia
660b70f5-2662-4246-8bbb-f850dae0ad13,Stephen Myers
583f23ea-cfd6-42f8-9095-bcc2cf42193e,Timothy Jacobs
ace3bde1-5057-4529-9c65-1e50e95193c9,Melissa Garrett
81ec0466-e6e0-43d6-ac40-a63a415a3642,Lisa Chase
1ec41437-9b58-49b0-8e61-c6fd591e3bfd,Brandy Martinez
a9ce93b1-37b8-477c-9a84-d0bf661dff9f,Mary Kent
bb7e3519-1ac4-404f-bca4-40ca292750ed,Joseph Snyder
77c4cb03-8bf9-42ab-bb4e-601050313381,Dr. Barbara Walton
ae80a83c-f4c6-4d38-b588-a95b2c271bd7,Heather Tate
4311f1a6-29bc-47d7-b3d5-47d1907f2e01,Robert Graham
cd2ff016-1f8b-49ab-969a-a7a907be07f8,Cynthia Mills
da6a3150-3577-497b-ba5a-eea347eae442,Kent Bass
d22a20b1-d0e4-45da-8168-7eb1fb24be0c,Daniel Dunn
ae8ad95a-955b-48c2-b661-c2c92149eb13,Charles Freeman
2df4cc24-d22f-40a4-be2c-65831e1e4d59,John Rice
e7bcb7ad-e1b1-40e1-8fb0-e7871fade5c7,William Cunningham DDS
cd97a2d5-e55d-4173-a767-c61c3eca97ca,Lawrence Kelley
4cb9a459-be16-4a6b-acad-58061c99e7b9,Christopher Navarro
619b04db-db44-4c90-99e6-0270f77ce305,Amanda King
e3f2a8c6-3f8d-4b24-88f0-e67ce0ba2e87,Danielle Manning
b75a65b6-67b7-4e5a-9811-1c4e49119433,Cassandra Elliott
2d1aa462-5201-47e6-8afa-0ddb066a0db2,Anthony Richardson
ca1de87e-96dc-4d76-bbf2-3da2545e5ef0,Robin Travis
21524a9d-815e-4a30-a4c1-86d0bc8385fc,Joseph Jones
82064280-a8e7-4924-9a51-b092590c22e2,Tony Smith
db38b17e-0ff8-4bcd-b038-3bb61d3d9dfe,Jessica Evans
5cf074e0-3dad-466c-bfa0-02d0a3d1150c,Jenna Gonzalez
b92ba81a-2d36-4480-9991-fa87dd488cdc,Gregory Peters
d4d56011-8dc3-434e-ab4e-4da9a3ee34af,Henry Morgan
ace89f7b-ce66-4bd3-86be-5f78423cea8d,Samantha Smith MD
5c547bcb-0193-414e-8607-2f9ab0316b6b,Karl Adams
cd190b52-481b-401b-9e84-075d03c49011,Lisa Lee
30af45d7-0973-4bc9-b617-069bf7ab9878,Jennifer Hamilton
4fe9016e-0d52-46d5-9b2f-f0e73d72a4b7,Cynthia Smith
c300cef1-e319-4fed-953d-3d7d44784c37,Laura Watts
3451772a-581a-4a91-ac67-f9281ccd2169,Scott Carter
3de9f8aa-54fd-42e6-a860-c3a761d32e4d,Mary Jones
e194f297-135a-4e55-abad-c19530b8c978,William Contreras
d07c6f1a-0c76-4f01-b210-670379eac22c,Thomas Johnson
ac4e88e4-4ba4-4811-9667-25e1df05d9f2,Dr. Kenneth Avila
346ea9a9-9be3-4abb-bbdf-819588b79fa9,Joshua Ortiz
01ee618c-115e-4581-84b9-328cd055e292,Tyler Perez MD
46b1c51b-8ee0-4f7a-b0a0-c91e1c647c8e,Elizabeth Jackson MD
e01afb9e-71d1-4978-9281-629c33ae6498,Tiffany Sharp
b8dbffa4-a39b-4631-a030-6331c1a6f99e,Samantha Williams
cf5e1254-864b-48de-a358-62d1023882dc,Ryan Luna
b5493c2a-e0e4-4e37-bec5-1a1183dabf30,Mitchell Hudson
92d9807c-c236-409e-a6ef-eaa33b109a24,Zachary Jones
14e01b34-ec9c-4bc2-92a6-28fcd25a9e9d,Steven Lewis
1edfbb49-e593-4b29-b7ea-dda0bb801d5f,Steven Norris
70c24340-b6b5-48c8-ba39-f115ca43bc2a,John Howard
e411ff25-9328-4cab-af0a-6e459e6cbfe1,Margaret Mcneil
9311ef06-7e78-41e6-a05f-fde976adab7d,Michael Jones
9c29a919-6e29-4c23-b0b5-ac8c40848430,Nicholas Arnold
e7f43986-ee44-4c08-a261-27250df57009,Edward Flowers
699ace38-829e-4f39-8c24-0b62c2a6f826,Tina Robinson
397c646a-e067-477a-b9de-c57adc751516,Charles Anderson
e36ca704-f23c-47e6-b845-2198551920d7,Julian Robinson
886dc74b-b3c8-4347-baa2-fa9718ff7b68,Brittany Atkinson
8e6a6479-2ac9-43e0-96a2-f79b7d4a23a0,Tammy Calhoun
69a5cd77-02a4-4219-820b-c806f30d2a0e,Peter Hall
12e8a042-d539-4633-9749-a786f4e40775,Paula Shaw
0ced06f9-f630-474e-b880-76f29c9559fa,Brittany Jensen
cbc9fb27-844a-47ba-9fb4-f5c34eedb8f0,Steven Spencer
fae9d459-e242-4c41-9cb2-96cfd00d666d,Linda Dillon
ff7f5230-b1ef-4a4a-a040-0ef2d1111783,Nicole Bond
e669d1ad-99cf-4a1b-85bd-db4a4a18ea5d,Marisa Lewis
850d3ade-9bf3-4c79-b973-578d5c5e8aeb,Aaron Smith
f8a5cc13-6223-472e-830d-b1cd049bdf01,Robin Rodriguez
19ad30d1-eda1-404b-bc27-8fdefa0023b7,Kim Hudson
3aeb4fe1-7908-44f8-8775-6a0638fb65c4,Amanda Gonzales
ef73a759-120d-414f-b294-78bd6119747d,Linda Williams
2ce96f00-734a-44c6-a53f-dd5c3e4f388d,Danny Brooks
4eea565c-185c-4aca-ac47-5f6de311f16b,Nicholas Pham
dce73ce7-6d78-470a-ba1e-ad2adec8e93a,Tammy Bartlett MD
77c8e544-f5ee-42f0-b157-6901e079b3a0,Tina Jackson
293aadac-2b4a-4aff-9f40-774125675554,Michael Villanueva
7ef3cb02-a7ef-4971-ae21-8c066b188147,David Marquez DDS
2fb76699-4c86-42aa-a579-4ccf40a1eeb0,Melanie Day
3a46793e-a4ca-4885-8cf1-a0a9ae3f7cfa,Kara Ward
6ba6d23d-04b3-4f6d-ac53-1b939cf5eaa1,David Fernandez
3e9f3b62-19ee-451b-a131-6f5e2d516c01,Rebecca Howe
8d4d5f62-e120-41f7-b5eb-d57850e75cee,Kenneth Joseph
f72cddc1-3333-4c92-9207-107fba932a8a,Kelly Lewis
4e87cd9a-e67f-492c-852c-437278aac191,Maria Scott
a45785cf-0399-4d0f-aa5f-768571d8c4a4,Brandon Carey
a9d70873-8de1-4658-afff-d9474b2afd47,Bridget Gilmore
8c8b41d7-7801-4532-a3da-14ac26b2d39a,Charles Harris Jr.
579db695-4217-42f5-8314-db73dd54381a,Alexandria Juarez
d4b83e92-f4a7-4a5f-810e-9560b8181c97,Stephen Hernandez
70378fbc-de5f-4e88-92b2-ebf3a2e86b14,Nathaniel Stewart
372dd0df-3413-4e50-9016-a0227ecc617f,Diana Aguilar
051b5adb-dbdc-4c9d-a5b5-a092314ebb86,Charlotte Wheeler
ceeb57af-8d2b-461a-b83d-c4976a01ead5,Reginald Gutierrez
36188e78-b0bf-454f-99e5-e9ef71e8769a,Allison Evans
0f19f30b-d0c7-493a-8f1d-30e9d61cf3a6,Helen Underwood
d1f6410d-9bf7-4f7d-a4f5-af69b39fdc30,Tyler Richardson
d535fa65-b4d7-47be-87aa-c899cac3508f,Nicholas Flores
2c039857-954a-47b3-b2ee-7171f65e9f25,Mary Brown
2661ce40-272d-4b3f-b81e-20c33222f1bf,Justin Hawkins
f755cea9-3fe8-489b-a181-48d36aa6ea16,David Moses
b3d6fcd7-2572-4424-9a73-99bd49aac010,Shannon Griffin
012c9d12-fd48-4405-b8ae-617a3c91510e,Carrie Foster
9b2f27fb-a68d-4140-9ae8-9ec88264e0c0,Steven Garcia
eaa5e877-d9fd-4b44-81ce-ca74b2f83f04,James Guerrero
23a3bb5f-45b7-4f69-a10a-7a1a34f08f10,Ashley Peterson
d0856851-63b7-4941-944e-3cd2642fcbcd,Sandra Hall
9073a5f5-dc0b-4aea-b3da-be03f93f2f6f,Christopher Wagner
bd012f07-88f3-4a82-9097-7459e9acd2e6,Lori Douglas
7eeaf701-dd3e-4d52-9033-7c87e02516c2,Andrea Vang
df4292ef-908b-45a8-a931-38fa7d9d5d40,David Merritt
9caf6156-adb2-401d-958d-b5a52fd74b4a,Kurt Watkins
4acbba16-4a9f-41c1-bff9-e47cec515067,Andrew Beck
625b64ae-3e7d-473a-9a25-0b54ed06808e,Eric Simon
e8961432-9b4f-41be-ae92-c1f6778ea137,Sarah Middleton
0687b4ea-f516-4ba3-b6b0-9c4d51f16116,Rachel Beck
81ee4b5d-f339-4354-a17d-01c5171d8e79,Caitlyn Thompson
078a269c-f6df-4422-a7e5-045940f7aec2,Christopher Henry
cb3c98dd-bd2a-43e7-869f-8d44c0dc2052,Stephanie Hansen
c15a894d-c099-46ee-a30d-c11a9658ba14,Richard Duncan
dbadea79-5f3f-4df6-b25a-82c9356007e0,Jennifer Humphrey
58ff97a9-1e72-4027-86a7-283281d7dd26,Sophia Clay
3a443a81-be73-488f-9610-1ba775410256,Kristine Martin
a8c117bd-11ff-4607-920e-a6984c3a37e7,Teresa Brown
d84373cb-e616-430c-8f5c-0aa4e757ce15,Jodi Myers
b3f5cb5f-9c6e-4073-91a5-b26bd8daed33,Spencer Fowler
b437be79-f1c8-4ec0-b84b-1fd1abbb6526,David Oconnor
c09525ce-15ce-47fc-8fa8-687f8a6d930a,Tracey Clark
49d4da8e-e7f8-47b9-9ff3-0668750692e7,Heather Andrews
c87d6969-4927-471a-9eb4-f1e06673532f,Scott Burton
3b272141-4654-4807-bf68-3f2569e23c5f,Trevor Davis
9f97295b-8a94-4361-bc79-90fa67691630,Roger Smith
a9c9f4c0-d100-4261-a21e-72f8ba4f4430,Melissa Mercado
802866d9-b19c-42f6-825e-819bdca813a7,Kaylee Ellis
863b3c14-4e58-40db-a146-553cdbfe2103,Angela May
2ca68bad-4939-4fa9-bc8c-3ecb39b9b068,Eric Potter
9b48dc61-a5de-4640-b0e3-c646ea8ceb88,Samantha English MD
27f51e8e-fee8-478e-8629-20d0f5bcf364,James Mann
7734dbb9-eaf3-4f7c-9f17-88342bee585b,Miguel Gibson
71246842-be52-488b-a70f-572a0145e8ec,Cameron Kirk
9ae6e51a-f22e-460c-8bb1-405157453fa3,Sandra Webb
ee531f20-5520-4740-880e-04ddc4f186e1,James Sanders
aee14350-2ebd-488a-84ce-22024e5000d0,Samuel Moore
d6929c1f-79c3-4383-8c69-58fc110cfc0d,Michael Gallegos
45a30920-969f-4eea-8c8f-ddce14ade210,Victor Jones
dde18829-bde9-45ab-ab22-12e040c5f8b6,Sonya Bennett
3a1d98b3-12b2-4d49-8629-b0f29011ceac,Theresa Brewer
7574d90c-6cf3-4217-b898-40fafbc9ecae,Claudia Schultz
5ca83249-6968-464e-bd9a-280e473f80f2,Erika Martin
c594e410-1936-43a5-a4fd-aca0c9b456db,Martha Clark
f427c94d-258a-457d-b179-8747fc23ebdb,Amy Nelson
978b7a00-ff55-4e18-bb8f-b93ba1bc9a1d,Heather Jones
16c75a7d-60fb-4f45-b027-d514947ef4fa,Nathan Munoz
7778a8ad-4315-40a0-a1f5-04c98440cd41,Colleen Wilson
49c9724d-02bd-4f11-912b-393ba78d48df,Michael Frazier
5e5a7387-4b31-4e5c-9465-d4ee2aa97393,Karen Blackburn
3c45fca0-7902-4434-a727-2a5a68771d9b,Charles Palmer
1e0821dc-2a89-4869-b65a-9481f57be6cb,Matthew Thornton
80295bc9-651c-4d24-93be-3bc9b0e3050e,Mr. Philip Mccarty
9a0ca934-7d0a-4558-a56f-63a78b9edc21,Leslie Townsend
2a4e596a-52c1-477f-bdd7-8552cfe269e1,Kiara Guerra
86f679e2-7674-430f-86c3-8b16b32d96de,John Reynolds
095d3fc1-8054-4a2f-a2b5-3f898012520a,Benjamin Tran
0e22f9b4-333c-49dd-8521-645f5a410917,Jacob Brown
e751a662-38ee-428b-8098-9a026624f6ce,Stephanie Warner
b8d1b23c-7a71-4593-9b16-ed48c00c4bbc,Ross Cox
1c5c11ec-3db6-43aa-94bb-82cbae42e783,Bailey Patterson
293f5f69-e28c-4462-a6ef-825b34a6bf3a,Angela Ramos
173d5234-7e25-41f7-8599-0b6ad5cff4a5,Matthew Marshall DVM
08146d6f-39cc-4cd8-88bf-77e2a6e47841,Caitlin Yang
673099a1-f00e-4501-bc4e-15b7f23cbe88,Tyler Davis
1ffb7612-56ae-4280-818a-e58c5dc5e313,Norma Smith
28b8fa99-adc4-4258-a658-08ca9fbcd46f,William Mosley
712e4820-1346-422d-8cde-e438922ea2e0,Michael Wilkinson
af728111-8672-4a3e-a49e-22d4097363f2,Shannon Williams
95d95009-ca7c-4cdd-9937-c7af99cf8121,Elaine Huynh
ecc0f9d7-3ba9-49b7-a147-2a82c3d316b8,Mr. Paul Garcia II
87cdb6f7-99a4-4cec-a98d-5c67dc3cdc16,Edward Smith
68989918-d5a9-4a35-b97c-e8d7c3ceab47,Tiffany Boyd
b969dbc9-6744-450a-a0b9-c0498c2fd151,Aaron Luna
827624fa-58ef-4d70-a2a9-d8e70da9f721,Mallory Thompson
55b5e95d-3d53-48e0-86d1-d59738b2dd1a,David Jones
4ea46446-cb88-4af6-8e9d-ff55ff972c9c,Julian Miranda
a9202697-c22e-47c2-b285-f675c05a97f3,Michael Schmidt
69e856da-fcd4-451b-872c-d815f47af897,Ann Garcia
a5a024c2-c6ae-4d03-9841-4a91efd22f96,Jason Campbell
de511ba2-57ab-4b29-bb24-6c640b7aaf0f,Rodney Clark
4d688a5b-e1d5-431b-a66b-01a8c27709f0,Kevin Richards
c0af7ac1-a8a2-440f-948b-91454fc915ee,Matthew Vance
194e5a2f-44ee-46ca-ae43-7ff38ccdb7a9,Anthony Holt
bdd330ab-76a3-4e82-b594-5ababb0824e4,Eric Wilson
cfe41382-4e98-4d66-a000-8f92fbd1711c,Christine Johnson
7cddda6c-a404-4d00-b442-c72ec2efa447,Charlotte Martinez
7beb0e8e-bc7e-4322-8597-2216f9cc3304,Ronald Miller
07e5531b-c5f9-4fd8-9746-b2c56529ffba,Tami Huber
b7e09f39-4fe8-424c-8f13-42efff41ce8b,James Martin
bda18c8a-3190-4490-b3f9-55e07e96c1cb,Gregory Jordan
5f3e9666-dc99-448e-a970-7018bea3a4f9,Brian Leach
81e77c1e-cac7-4563-9f13-0d50fca842bc,Brittany Davis
cd1d1978-7143-4503-ad75-44762512e6d4,Stacie Mann
72a593a2-9663-4aee-bc88-0032722b2fff,Anthony Smith
4a56f2f0-2b63-4530-ba24-dbddf6e96b95,Julia Miller
2592ea43-5334-4103-9e53-7c8970e22a4a,Patrick Zimmerman
f81e1d06-05e2-42a8-aec8-d66b5128d8fb,Joseph Wong
4e52ecda-0245-4c39-b55f-b8e0fda47400,Joyce Carroll
691a6acf-fbc8-4bd8-ba76-1c4e6dbd6e2a,John Webster
c0a21bee-9a0f-403e-8a84-8faa2efc1a1f,Dr. Grace Bailey DVM
1a475175-1086-4b71-88fa-203741b163b1,Kerri Cannon
298094f9-aeee-4e87-8820-3107f0d63251,David Stephens
ed0b16dc-17f1-4f10-865f-68a8e6b2d898,Kristy Jackson
0b62f2d1-e65d-4e8c-879b-f6a2fdbdc29d,Brooke Juarez
6dcfcc44-9f4b-4dc9-acbd-1fcbae47e894,Shannon Schultz
0c423121-9632-406f-ac7f-8fd976b2c286,Jeremy Carroll
00f8ced9-3253-421f-ad7c-9007417667bb,Gregory Hall
75872f47-379c-44db-9418-50d384cf479a,Justin Martinez
3ab19837-df01-47b3-ac82-19f11a33df05,Daryl Harris
44268423-84ad-4c6b-bd73-437ca101452b,Jerry Saunders
3f667aa2-c590-4640-b904-4f2ef42df0c2,Emily Pierce
272b7d3b-3dba-461f-86bd-c4e0335c999f,Matthew Knox
b83a99c1-cd2e-4d17-b3e8-7c9e99ddf0d9,Lisa Buckley
abbb5c82-0a62-4860-97a6-e8d93f71ea47,Charles Patterson
7d9c69e1-6184-4dc5-a5c1-8fc59de0ace0,Grant Myers
9b3e57db-5fa2-4070-8a63-d0b68d489de0,Joshua Lloyd
39196b35-9e06-4202-b9d6-1694d7cfbc8c,William Moody
0eca5fda-10c3-4f22-8cab-26a65dc752e8,Victoria West
51c84161-de04-4938-a672-32540aabd820,Nicholas Murray
0f2354b2-c46e-45fb-94d5-7532580d14e2,Tony Jenkins
c4bca860-bbcd-49c1-af19-3daf2f808707,Michael Edwards
69ccbce7-9afd-4294-8ef0-151f8feac418,Matthew Rodriguez
7a936c62-cd47-45c2-bb75-dd3b393dd3ee,Rachel Schroeder
2ca438eb-32f1-410f-9a58-cf5a58c88831,Patricia Wright
9a3863f2-3644-45c9-a305-c81f7af6621c,Cassandra Rodriguez
b9167bfc-dd37-489e-ab3d-3dc40df6e833,Chelsey Knight
00af7087-81dc-4949-9187-8571fdf3c4a9,Joseph Cruz
b27a411b-bd3c-4f07-9557-dd1e0441f3fe,Kendra Maldonado
295197fe-f2f7-422c-8cbe-d993ad94bebb,Dana Choi
4bf7e797-9d09-4d5d-83b4-836977a3ace5,Patrick Powell
b5dec478-1c8a-4024-ad59-7a3e0e83b186,Matthew Morgan
b1fb50f3-7432-42f7-bdde-597a9f0f59b3,George Fisher
153d9b5f-b5b5-47bf-af8b-26cc2435a74f,David Cook
4d66c314-c4a6-4f0e-8499-0c5d4151e855,Michael Romero
af4ff300-6a96-4e6e-8549-7ccebdc8f2a3,Andrea Luna
14eb08e2-18c0-4127-9cb1-cd0dfb715535,Michael Torres MD
205ce8fa-6c37-40d3-b8c3-3a41ea11eb90,Justin Schmitt
3766ff23-6278-414d-abad-8a0bd776625a,Jenna Richardson
34993c43-1b3a-4cf1-8741-8ce0ae527aff,Shannon Moon
dda4d570-bb02-491b-9fc9-c866b6899323,Ryan Raymond
743f3dfc-01fe-43d6-954b-914f8c2034f5,Sheena Richardson
6782fbd5-8aae-46cf-82f3-22524f77db01,Michael Graves
b1f112e4-cbff-48c4-9420-a255f5e9877e,Jonathan Keller
fe8b04f6-88ae-4fa9-9b0c-9d3286c9a572,Kyle Madden
2a14269d-da8d-4e15-84e4-d593afecb1c3,Dylan Payne
631ed1fb-0171-4e1c-8948-599c96ea18af,Jill Brennan
1e789b7c-fa81-4d2c-9743-6aa02bd50536,Robert Bell
bb90ae39-eb47-4dd5-96bf-f750b3baed96,Albert Garcia
ab90accb-45a3-474a-bd42-511939d951df,Michael Fernandez Jr.
db6f7dca-0354-43aa-855b-61cdc7101a11,Sherry Pena
9854d883-08d9-4a20-a76d-a6b0ccb49ace,Mrs. Rhonda Hawkins MD
f8cf97fb-20a8-4b77-a956-c192824621fd,Kathy Scott
90aa8863-05d6-49b5-8e91-8b95cae4e924,Madeline Arnold
aefd8530-253e-43d3-9915-d92a5a72fef5,Teresa Ellis
fcf05838-ac4c-44a0-b515-3521161d25c0,Michael Richards
404888aa-4c6d-41b8-83d6-8254c2b18f8c,Benjamin Pacheco
7720940a-4206-4461-8da2-eedac0feedde,Shannon Mccoy
774e1276-ef53-4efc-a0b0-058c7c8ab6a8,Shannon Rodriguez
7726ac52-aae3-48df-83ec-9976ec1eec6d,Bryan Ramirez
0ed6f37c-1aea-4648-a8c2-7193b8e031a8,Anna Holland MD
e6146915-b796-45cf-890a-0c647a2c2101,Eric Miller
b0367b61-baf0-4d9e-af93-1974819472cf,Brandy Castro
d5df8e82-6b72-4eec-adf6-d6fb41a37f4f,Ashley Hughes
50b915fc-be03-4aba-987c-db3a46fa772f,Lisa Green
c07517d0-5ea9-4e94-ad49-da40ec0107a4,Manuel Bush
83d82244-0769-423d-8969-1ad0391a3f92,Katherine King
81312cb7-3b34-4063-91ba-6d80d96a4178,Jacob Nichols
8c73d68d-0f0c-4e5c-a04b-8668a88571a3,Jackie Bradford
7326736f-3ad7-48f3-961b-2b61e2364dee,Derrick Adams
52330e90-354d-48c4-97f5-1adb9ba7194b,Robert Clark
86fbe1db-fe39-49f8-9db8-423e97ec5e49,Faith Johnson
1e446835-9359-422b-a7b8-fb1a1b5b2a6f,James Stevenson
2bfe940c-4a08-40f1-8e71-51fffc8a18b8,Katherine Taylor
26107180-16d5-403d-8dfc-ae632a45594a,Calvin Poole
b24dc332-d11d-413d-a869-cf439e8795a3,Andrew Griffith
0f1b2151-1079-4f5a-b638-9df4a98e7653,Bobby Hughes
b6b7480f-9d76-49a8-8ae5-0384dc39aa92,Ashley Hubbard
f9c05c56-5fd0-4436-930d-7945cd0c10ff,Samuel Walsh
b47d3bb0-da37-4a59-897f-7e67e87ccd0e,Heather Liu
fa8178db-a456-4670-b8a5-070d535551df,Gregory Weber
666015b1-bc5b-4553-b614-01e14802f8c5,George Jimenez
03a0554c-8cf1-46dd-a48a-b83ef1529935,Michael Middleton
524f1091-806b-4688-b778-da69f5bdcf8c,Krystal Wolf
af144109-4d2b-4b7a-980d-2fd070228963,Emily Parks
550a755b-84f8-443d-860d-11074c83b0eb,Aaron Diaz
64832324-7e7a-4347-8cce-e511aa286cab,Russell Martin
1ccd213b-6480-479d-b3e7-719a3ed69b04,Kimberly Hart
f456e11f-24f1-4a4f-8cb0-c6c03876f8df,Geoffrey Fischer
c2fdd900-bd8c-4be3-89f6-8ba9a7bf608d,Tom Jones
adac6bfb-3ccc-4b6e-9393-0f396cca9add,Mary Mueller
e2779dad-4ef6-45dd-87f3-f98df37eaaa3,Justin Taylor
bc87f8e4-3cb7-47f3-a23c-202799312488,Tiffany Acosta
77839a8c-ef73-4768-9bfa-9fa67d1efefc,Valerie Johnson
ce9d6601-e705-45d5-823a-e20a48c3bf4e,Christopher Estrada
98c36b83-8948-42f0-be13-3850d67cd599,Vanessa Mitchell
5dadc087-7c41-43a9-8ee1-51142145f10f,Robin Kim
b4332f92-3893-46fa-816c-7078ab4aef40,Deborah Cervantes
36499923-8baa-4345-bc52-390e22b54b6d,William Arroyo
71acce27-82ed-42fb-97a1-068ad58d849d,Austin Graham
7a155c80-8d0e-4952-a90c-b5f8e9a65a33,Erin Tran
2f51d538-f2d8-48cc-9f9a-641d1904e452,Judy Fisher DDS
8e9bd88a-332a-49bc-ac78-0d8343606e67,Ryan Sanders
43b6861f-af22-489d-9de9-4b92d6f782ab,Victoria Mcgee
219b63a9-9f7f-4367-adff-8918ee14e6b3,Manuel Mills
776833cd-695e-45ec-80c9-c76dec6c37e6,Michele Lynn
73c74b02-807e-4ba2-b495-f7492ae7225b,Tracy Austin
eca797b4-4e3c-4b08-b65a-9dc0d43c79e1,Diana Davis
70e5081a-02a5-4033-a2a6-c23b6d71bc1c,David Bryant
7544069e-4e0d-4f6f-8c3d-0f5c2dd1730b,Allen Rich
f00e9bdc-47d9-4f27-b420-5d4834e5c508,Sierra Williams
77c66d8c-c367-4fe8-aec7-1d7c085d4805,Alexander Campbell
5aa78491-20d0-44d1-84b9-4170d5bee917,Yvonne Long
01fd0004-6403-4ee5-be2d-aa3ed6431729,Cynthia White
310a46c4-e842-4001-bb2d-5e2f0fe4dacb,Sarah Shepherd
32840b77-c0b8-4580-a731-43dc08b4744f,Cynthia Meyer
f4a7cb0f-11e3-406b-a9ca-4472714bb12f,Megan Garcia
1a8443f4-be95-423a-b12c-7e9dbafe856f,Nathan Frank
bca3bafa-8696-4c87-8d28-214ba1eabca0,Kristen Garcia
0636923c-12ca-478a-9a7f-fdd608ec7857,Albert Lowery
6ee21099-ef86-4682-973f-2b2d4103472a,Michelle Roberson
eeaa6903-acc7-4748-b69d-39a6e84a9c45,Jessica Rogers
8b70bb9a-d982-40e4-9410-9f8d48602199,Erika Griffin
cd2142aa-fa4c-4f51-98b8-cf7d16772201,Christopher Durham
99307e84-88a6-4ea5-a101-4e2756850f81,Lisa Bridges DDS
c0f2b6f5-0aed-425e-9505-957c937dfa5b,Jeffrey Turner
673734f3-f601-44d3-8971-81beab11b3fd,April Davidson
3544fb4b-41fb-4b20-a50e-b47a7550ec27,Stacie Pennington
cfd1c740-ce5e-4892-b2d6-a9aaa90502b8,Karen Collins
feddc0ea-b7e1-44d0-8349-4756b0255f90,Robert Salazar
2c7835ac-3184-4ad7-bcc0-fb7f924b5330,Cristina Hill
5775bac9-9579-45b4-bfa2-27f14ce444d2,Douglas Cole
0211c39c-3101-4793-91d0-31f3743888c6,Tiffany Edwards
ce83cce1-aeb7-4ce3-9049-a61f6a3faff6,Penny Gonzalez
037955dd-e3dd-4ef5-96a6-5f9edc1ba75f,Michael Jackson Jr.
8c2b31ab-b124-4e57-824b-5ec45ae4e5de,Shannon Simpson
1b67ce09-7918-47fd-82ca-f8d009dae7a5,Michael Molina
4a1abbb1-3db2-4964-b30b-5ce733ad6f63,Keith Johnson
d4e86ca3-5ca5-485e-a28d-cab4b09333cc,Marcus Johnson
d2305f61-43ab-4ceb-9d4b-35dbc57212a8,Benjamin Wiley
35227afb-6295-4ce4-8444-bb630ca3dac8,Thomas Jones
57d22249-868b-400f-9f2d-0c8355e0b85b,Cheryl Bullock
e2c6bd92-00ff-4c56-9ba1-f33254387f0f,Rachel Harris
8a7875d5-3a62-4633-b75e-856680d546b3,Jeff Rodriguez
2fa1aa9b-0219-47ff-b94c-09804eece8cc,Ryan Alexander
0681bac1-035a-4652-9833-6da38231d2ea,Bryan Wood
8355200e-4fdc-4766-aaba-ee9674efc107,Patrick Crawford
ce497dc7-4ea9-45c5-b0fc-21275de7dab2,Steven Cook
27a5be7b-e02f-41e3-bf10-08aabea6f5cb,Donna Rogers
8334dd6b-a849-4376-872f-cbe71abd12d2,Kiara Rodriguez
82a25d22-db10-4b8b-9c0e-20ca288ab2fa,Brandi Reed
4ac3f9cc-00a2-46f2-83df-0bbe3260cc1c,Deanna Parker
f0f1920b-2972-4280-a9a3-98ce57ff0343,Sean Graham
8ae86462-f4f6-4b37-b9bc-e2ee30f3a128,Jessica Andrews
23e6083c-eb58-4af1-a892-baaa22a4e1f3,James Murray
6c7ef4ae-7802-4820-9e62-ac923517b131,Michelle Cook
fe28c2e4-4983-42c2-b68b-82f69cd57e62,Patrick Woods
d1d23482-ff7c-4b9c-bd6d-73f1a2031b40,Stephanie Velasquez
87c5a582-7856-4185-ac71-98cbf8195456,Jared Carter
8ed0f712-6209-46a3-aa0a-c98d08f565de,Bryan James MD
e311cb5b-0bab-4487-a2c2-caec3a48dde4,Gregory Adams
e5acb502-de21-4564-9f63-3bad1d2eb2fa,Nicholas Bauer
9d71c360-363d-4cbb-9620-ff7983b9d549,Kenneth Smith
0b81e00b-e26c-452a-8e6b-91a18fbe3cf9,Kim Harris
c06545bf-ed40-4f58-bd20-053dd17e2f42,Amber Patterson
5e4d744f-546b-4862-b255-caf8cb9f12dc,Jeffrey Ramirez
27c347ae-81d0-4449-9186-c2ebdc74fcbb,Charles Smith
7122c691-bfa6-4c85-a29c-aa402b0e8f75,April Hill
d403fab6-48c3-472c-a557-3a5080b97aab,Kenneth Tucker
83612efd-9fd3-4913-b339-2d4ef4b6e87b,James Pena
c1df9fbc-4bef-40c5-9f77-d281ea1f7b3e,Todd Roberts
dd970907-b41a-420e-85c9-acbe49d33723,David Houston
fd198d94-010e-480a-a65c-390085a865c4,Taylor Wright
74ea379b-565d-49b8-b1ad-11bd1a4406a6,Jennifer Phillips
5a1a576e-eaf2-4b80-9fd9-45413680bc42,Bradley Brennan
dade2f96-b1e2-49fe-a7dd-6fc191a984b4,Danielle Griffin
2ce79f90-88ec-4a62-be2c-daffa42be68f,Ann Phillips
884ae685-bfc8-47a5-ba86-fe2df0ee6ca4,Michael Jacobs
631bc159-4dae-4c8f-a3a4-66f6dcb38d8b,Tina Rhodes
830373b5-3abc-4e5c-bcbe-f25b6cdba69b,Cody Hampton
5f036549-70dd-415d-9851-603f3e285447,Robert Singleton
12ac093e-8035-4ecc-9b0f-f132c980e86f,Michele Sutton
1c63b141-f8fa-4cc1-9610-b8fb13520975,Ashley Perez
05f03a1d-60ed-4e82-965c-a4818b9c2a51,Wayne Smith
a7867503-3583-4ab0-8fd7-d8ed26e64d0f,Richard Stewart
ad2b4cca-87c0-4863-a88a-26f64a0dcdaf,Sharon Poole
b3587fad-03ab-41f8-b406-a7cc2d2627f0,Hannah Gonzales
6dcab585-ff82-47ad-874b-6a77b5477d43,Elizabeth Lloyd
7754c53a-d21f-4be1-b66e-55602f786ba2,William Cameron
5d476cbd-0493-4a1b-b603-8021a8c5499b,Angela Larson
e4daf7f7-2eb3-4bc8-9d10-c40d6120844d,Shelly Swanson
b8b50426-04f8-4901-bef0-af3b7bacdb61,Barry Williamson
20c48e93-8a93-420b-91f4-63030e888d4a,Derek Petty
2ba4f8f7-52a4-4192-a28a-201c4ff5f210,Benjamin Hayes
ef7d6dfa-d7f0-4ed8-97e3-9658ec15140c,John Orozco
307f521d-c57a-457d-a98f-144efae17c55,Laura Holland
ebe88327-28b8-4588-93da-b7d5a97ef011,Amanda Acosta
159312b2-9442-45e3-98fd-3d95c8d5566e,Keith Singleton DDS
cac835aa-67c2-48bb-ba50-b039d4a4cb1e,James Wilson
df25a01c-b4ab-448a-afcf-3dc650e3bf48,Kristen Ballard
bfa7009a-e2dc-4943-87cb-f1dad664a2ef,Jordan Burgess
515ce88a-8e7c-477b-91a6-1e85efaf6245,Kim Robinson
92be5542-e0c4-43d0-bd29-2d3a813905cf,Michael Fritz
5d8846fb-fdf0-487a-a79d-68a85f5bd101,Brittany Sweeney
7d23f4b0-c456-47da-9795-469cd3ee91a0,Patrick Blackwell
f48b7647-0f9b-4ff0-abc5-443565a27a43,Christine Williams
55076014-01db-49cd-8cb9-8b6eec85bf4e,Brittany Brown
585f3034-35c7-4218-92dc-9f79ba2e2236,Emily Short
05e5b97a-19d1-4482-99d5-fb5589f0d2ca,Bianca Nixon
3ddda5aa-eab4-4b6a-ae2f-deb5a19be034,Joe Patterson
55cf67f2-01fb-472f-8cd1-bfafeb135519,Tammy Lopez
14c3a086-3f55-4d70-8d3c-39ce89f8ef81,Jonathan Bates
1af33ea4-37a9-4a5f-baf2-742c3e1cde8c,Marcus Nash
4aa79ee8-98d0-41e3-ba69-6c7b2434f305,Kimberly Stevens
10f4c9aa-4db6-4d18-9286-5d567be88041,Melissa Cain
8bf9855b-678b-4a02-8d3d-3d6262994628,James Jackson
90c1b329-6603-43ed-8677-6cc15f140cf3,Barry Keller III
c25ea42f-32cb-46f8-89c7-064c590c56ba,Richard Lawrence
a436b63d-ead5-4312-b88a-6572ff16ef07,Antonio Graham
6728204a-480b-4fb7-9635-4fde766db5c2,Savannah Price
c40cfc63-49b9-4a9b-b7bf-6edf1c66a6d7,Lauren Oliver
624c39fe-6592-40fc-b118-f2fb64dfb3ec,Matthew Carlson
0c509924-96d4-4906-a10a-f2f8a4694784,Christina Bean
fe6d74f6-56cb-4105-9413-799a8cbaed4f,Mary Mora
a9c4c883-67cb-4679-9f3f-5142fcd7183b,Nancy Schwartz
f9e4ab07-f60f-4985-97f1-ed030b43a466,Patricia Thompson
4379eeb2-ef5c-48f2-a5ef-cc19cb25fb9c,Brent Carter
f71c5fe6-acf9-41b5-b8a9-88843e1aa55f,Richard Howe
0b495e2d-5679-43ad-83a4-15d058935f43,Joseph Jackson
f69d2638-f9cc-4b99-9a17-6ad5a1ece849,Allen Garcia
1815e068-837b-4a47-a388-e0765075750a,William May
1541174c-41bb-4f6d-935e-591f0907fad9,Margaret Obrien
fbbff308-f206-445d-ba9e-e377b446d5c9,Frank Mendoza
06e1d053-b37e-4d1f-8245-c1f0a8e83ce3,Courtney Graves
aac8dddd-abc5-4ee2-8eec-2b3255adf9ff,Robert Nguyen
e4c93d5e-a714-435d-9643-0c7565d8d5bb,Ronald Lamb
f231fa42-c0d2-4caf-a28e-9b6d16191bfc,Jill Wilson
3cf83a2c-c3f8-409d-9f11-32adf8e34be6,Laurie Mack
ea68e980-34e6-4014-8895-017f95746072,Krystal Murphy DVM
a1ef342d-9261-44a8-b294-9a253aa468f5,Patricia Nunez
e2cc2e36-f496-4491-b965-0cdfa3c72fdf,Bruce Chambers
47f7fc8f-a88a-4890-9327-dfc084c363a6,Dr. Lawrence Hopkins
013bfd58-7958-4dba-8707-9d6fa7373ef4,Mary Patterson
fad0d3dc-e200-44d5-ac87-61214c6bcf47,Michael Owens
b8352327-b580-486f-89b3-1bf9ab4534ad,Erin Graham
b7091b5e-337f-4115-91d5-f446be4734a0,John Osborne
dcd2c399-078e-4c9a-bf91-18f6591ddf7d,Curtis Joyce
4563494a-2a04-4c76-b51f-1f4de913686e,Brian Dixon
bef4fe31-70f0-4271-bfff-48d760ccff66,Nathan Davis
47b762d9-855e-4e71-98c8-34531099858c,Julia Richardson
5e425c26-de77-4d06-8709-1f02ad5b347a,Brandon Salazar
d2532280-e36a-4023-bb1b-f2d5121d67f8,Garrett Ruiz
79afe875-6e1c-461f-8d2d-b2e01ca990d9,Jason Hudson
3d8096a3-94f0-472a-97ad-b3be4bc21d5b,Tina Vargas
4db95559-12f3-4934-8a95-1f46be203608,Jackson Anderson
b1151562-bd9c-4723-9d35-d2fc68ecdebb,Shannon Herrera
728a2983-5850-45f9-967d-84e7327439e4,Chelsea Smith
ddb2586a-a340-4b41-8166-bb3e3fb9a948,Nancy Gallegos
e057a4e1-cb5f-4585-9f38-cef743a10801,Cesar Williams
a4827733-b305-4369-9420-321e114dd40d,Kenneth Lopez
e7a6d32b-cb2e-467b-9aa5-f5133ccd9837,Tara Stone
6d51795a-5d98-4c64-8e67-76fd65d8797b,Rebecca Reid
1014b58f-846f-4f67-9662-828ff056354b,Michael White
ff7cb4d4-0552-43a8-9b7e-ddec9e476c3a,Mr. Mark Thomas
0c14ea95-8101-47dd-ac59-685591b2a134,April Stewart
f42baab4-ed21-4a4d-a717-0f58fab46063,Bryan Love
14a55861-130b-46c1-afe5-c488ea1af3a9,Melissa Cook
b699e925-a075-420a-a11d-bbfffcd10a5d,Stanley Lam
c944c758-1f3d-4335-86da-4db2662f397e,Mary Ashley
7d88107a-a460-416b-97ec-20c825e9f54e,Wendy Duncan
26d6099d-ee8c-448c-a3d9-c2af0a2c6a56,Patricia Lopez
52bc33d8-9659-43e9-af78-4abd2d83a841,Noah Jones
26ab4003-a64a-433f-a0a4-ae6f272b26ae,Amy Bishop
6347d117-c74f-4553-a3d3-7c07c7c459f7,James Baker
4410ad26-b239-4f68-b6ca-b2b8a9c03354,Megan Fernandez
dd131d96-fe54-434f-8caa-2c0de54cc700,Lindsey Mitchell
9cc5ffee-6388-4227-9fe2-54cce6a93c24,Sandra Jones
ddf516ee-5e9f-4dae-ac15-a6db4d9284b6,Bonnie Washington
18fe7c07-79dd-471b-ac43-29be45087ee4,Brandon Morrow
a39034fe-1d72-4d25-9f3b-51176d6a9348,Emily Anderson
882937e9-c8c0-46dd-b8ed-db67d3767289,Tyler Knight
42b9714e-377a-431f-9694-b86943f60519,Brandi Williams
64dd0dc9-e133-46cc-bde1-59b01ad5b377,Paul Sanchez
99160a36-9e92-4be1-8fe8-9fc40803bbe1,Sarah Carlson
ad6091bb-eebf-45a8-8004-cdb6fdefe7f4,David Johnson
aa4adc33-d691-4f69-9af7-09ab0a79e7ea,Kathryn Buck
482c0ea3-9bed-4a43-959b-571ee5a9d84f,Nicholas Dougherty
47b07855-9fc5-4d5f-9350-26e16f121383,Amy Weber
7e642685-8cc2-4652-80a1-c748674b011b,Antonio Bailey
d487bb02-b549-4e9b-908c-b8940dc7b49b,Ashley Lyons
024392d2-7d9b-411e-a8aa-a42fd2b4b7b2,Laura Burton
3506a5b6-d68a-4538-92c5-c2ebf638e870,Kerri Young
9332c1f5-69a3-4baf-88f7-e4da083e967d,William Moss
1058c98e-cdc8-40a5-928b-27eeb5fec3c5,Crystal Cole
1725a7d8-7ba0-43f0-afc7-17522c2cd051,Amber Jacobs
83e212ae-4b5f-44bb-b0d7-855e9b591a76,Wanda Bruce
9df04a23-3dab-4451-8162-707ee19a7b80,Joseph Bryant
08ea8bbb-471c-4a8a-b2f6-fb58b0179a1d,Anthony Johnson
ea4bd99b-4f69-4293-9c9c-f375c69cabca,Carlos Gay
c7b8b542-9eaf-42c1-be8d-4495756dc5a1,Marissa Adams
617a529b-9996-41d1-acb0-c15f524cf828,Jennifer Colon
d04324d4-5da0-463f-b44a-491307efaa95,Michael Small
5f9972e4-1f21-4e26-9274-1bf8d79698dd,Gabrielle Moore
814ae3d6-db03-4705-8fbd-ce266a32d28f,Gabriel Hicks
2dd52b36-5851-40fe-b15d-f2465c1df002,Tyler Gomez
ced39184-e6c9-46f9-b74f-4ff35345c3f2,Steven Navarro
7e09d93a-15c9-4b22-9e59-f66f0e46b826,Kathleen Pena
58d3304f-728c-4692-b489-d95ac7734817,Carlos Garcia
0af0555b-97e2-4f6e-bd82-8d7b5ca6870d,Sophia Coleman
d57440ef-e3f7-4a57-a5c9-6f12bed17b83,Joshua Lyons
9edfa999-499c-4e0c-b9d3-603ad391dab0,Michael Turner
eecf162f-1bf5-4739-bd3c-b1e603c105a9,Ashley Avery
203dedbe-3bc3-453f-9e89-4d15c584454e,Samuel Nelson
0fa15cf6-777b-42cb-87b8-752962324881,Stacy Fisher
e687b857-0384-45ff-8dd5-ec26eb43be18,Alexandra Rose
fff961b3-40ac-4002-95ef-a09c64e1e86e,Hailey Reid
4c548a8f-7f98-4e3b-b85d-56ef818fab91,Hannah Casey
8fa2f927-853f-48e3-aace-13e9b900baac,Sandra Chambers
32f2e92f-1844-4ec3-add2-9bf1e79aef4b,Dawn Carson
cf05e3dc-0f48-4bd1-98c2-b3b283607867,Michelle Khan
b8d5ff02-47b0-41aa-8004-45484ab5529e,Patrick Quinn
369c6a48-5706-47c1-8180-edf14c27b4e3,Sheila Thomas
b2863149-0149-4942-9467-bd605b79caea,Patricia Prince
d3699df3-98a8-44e0-9f2f-6a244d8160c0,Elizabeth Trevino
3205240f-c034-418f-b5d5-5f163a311600,Nicole Ramirez
bf873ce5-cada-4e5d-aca9-ff4240ca90a3,Jacob Williams
3feee17f-4faf-4996-9bc1-6eeadcdd59fd,Sara Garcia
e8e18171-c4f6-4ca6-9d4e-47855d4757d5,Pamela Wise
72019f2b-bcb6-4a4d-b875-7de1c9eca902,Natasha Hughes
3dfb1994-8485-4cd5-92f7-b00c38165fe4,Monica Nguyen
a2320644-1553-4e34-9572-c2e74cbc4314,Andrew Mcdowell
14057a25-affa-4876-bed5-35319024cefc,Kyle White
53032107-9362-41bb-86aa-59e9e476c048,William Carlson
7b9ce188-9939-4c9b-9a9b-48b46ffc80b9,Mr. Randy Larson
6c7a1964-194b-4309-9837-8df421722c66,Hayley Vasquez
f6f00205-4d4b-4c9b-b0c1-d15cd76daf8d,John Ferguson
9ac059d1-3282-4636-8628-bcee705e6b83,Bill Roberts
2ab832b2-788e-4e57-923e-43e1ad2f6007,Mr. Andrew Lewis
d21c42fa-615a-44c1-9e00-97be935f88d2,Lisa Ferguson
e2f613dc-496a-40a1-bbfd-59dab2cb3fda,Leslie Anderson
3b88e0e0-fe85-4b74-917f-9f3495e258b6,Michael Singh
65b533d2-b58a-4b7c-871a-6d44cea2f06d,Cheryl Bailey
cc845354-78df-4055-ac14-76e0d371030e,William Wilson
2de7fe0f-834e-4d29-89a6-e934317f2452,Kelly Williams
82c50301-c7eb-4314-8484-55849b3c94ed,Christy Perry
a1b64194-f484-4ceb-b8cd-3eac6c0c9323,William Marks
f58df2af-d308-4359-9003-36aeb6df651d,Reginald Miller
df2e8285-5107-42b4-a2db-48dd4f5debac,Jordan Perez
2313f9e7-0b63-4628-ad2c-632d1d98c2e0,Christina Buckley
cb9ae290-e129-4edc-811c-31a6745387eb,Nicole Anderson
6041f298-bd95-471b-8d0d-74d29466b5ad,Joshua Lane
c6d24852-fbd4-441a-8352-c3ea5512343d,Robert Stewart
584da5d0-f0f5-4960-b43d-03f0be1e87e7,Donna Price
7d854b2d-500b-47eb-b566-cb8fba8b8df6,Christine Andrews
7b2c137e-00c5-4c41-b459-0d88e59af7df,Ann Miranda
fe303816-fbd0-4676-8939-cd9060315cf6,Edwin Carroll
068adaa9-9691-4343-b79e-0c2ee120f725,Ashley Oliver
5089f57c-cfae-465d-b402-53471b9435eb,Connie Horn
e3e32e0c-c798-42d9-b198-7306886dbe38,Karen Sims
07a57e85-3135-4742-a612-e5796c01fcb7,Nicole Smith
002fcfca-325c-4a88-99d6-7110789ae453,Scott Rivera
28656877-23d1-40bb-8262-46bccfdac16e,Paul Wilson
b61f3409-dc57-4c58-b474-cb913822bc49,Michaela Mccullough
6c23cf58-5173-489a-b03a-938bf490224f,Michael Jordan
d86c4c6a-6248-4fc0-9d3a-dae28b888ac6,Kristin Castillo
5a821eae-f67b-4d2d-8f3d-ead1bffaf399,Robert Williams
16b7c27c-fc4e-47c6-8167-9d47b58f33b7,Thomas Evans
e87eef34-a4ba-423a-b291-6d5044314c94,Victoria Collins
3d441744-6454-4979-906a-d3d905f02f6d,Lindsay Doyle
665b4666-eec9-4e0b-b5bc-f5fb8383496e,Amanda Taylor
63fb9652-c584-405a-907e-5d3d80db358e,Joshua Jackson
e8c0caa7-6ed7-451d-9b69-48025dc18bec,Elizabeth Marquez
8b3988d5-31c5-40db-a053-217dff9947ad,Alexander Shaffer
b8095668-f464-48c0-89c4-6c13331a320a,Nicole Larson
3e538c41-7af2-4928-8d89-60fecdd8957f,Trevor Hinton
c3fde5b4-9603-406e-8a4b-20f61e3bfbd2,Emma Schroeder
6f85ff9a-78cc-4b83-897b-fdfa9e07b994,Lori Gates
c55fcdaa-7002-4cf9-a522-ff2af06a5d6f,Jamie Cohen
0713d800-d38c-4864-85d7-db37f0818345,Casey Lara
716aef06-1689-41d1-b056-b8588c3acd60,Tracy Nunez
70412f50-3af8-48a0-b6d7-1d48bd22833a,Andrew Rogers
eeab6fec-0a47-49eb-b661-59c179aae9fc,Kirk Blanchard
13c8ce71-b214-4a01-bb8f-fa011a49e90b,Alicia Green
df8bf933-0715-4445-b59b-e9b3724e5496,Lisa Yu
bd3b0548-2907-4e57-a611-2d0d0814f3ce,Mario Chavez
df87025d-f528-4727-9783-da99966582d1,James Smith
20abd78a-e065-47e9-9a48-f073aec10bcd,Aaron Ellis
957ca495-8aff-499f-8bb5-922a0139876a,Valerie Lawson DDS
42892e8d-41eb-4d24-af8c-474a79521d8c,Mary Jones PhD
3be373ab-f52d-40ae-9ff9-caeb94a61be5,Steven Gomez
1451c3d4-7db3-46dc-af5e-610f69ff95b4,Amanda Russell
e660ae81-d23a-40bb-8a10-218c040df648,Alex Holmes
189dfda5-f794-477b-ab1b-d4fb8640c9f6,Jacqueline Malone
051c56ed-d945-4634-a3f3-3ca21cef4b43,Lucas Nguyen
fa3bf260-d162-46cf-b29f-a020b86961a7,John Kennedy
ec6d05df-2330-4631-b0f7-b5b5a03a4bca,Julian Johnson
85b87547-e47b-4e15-9198-c97a36c05f38,Mary Watkins
baf9ae43-21e5-4391-82de-74d1bfdd0e5e,Stephanie Bates
63ee08a0-b685-4a43-b34c-7c1441391046,Nicholas Baker
72300875-d9d2-45d6-b0f7-6bd9e59310e6,Pamela Smith
3153b0c3-c0a9-47d1-a892-80810c45c3b1,Kenneth Contreras
716bbe4b-3cbf-4c8f-b86e-5d09f060b032,Samantha Smith
2a9331e8-41da-437d-bf79-9eead25e02a8,Heather Carter
c0420728-c9c8-4d99-9117-0a256b4a9669,Anthony Duarte
275347a6-dc0e-43b0-99b4-f9d0e1268306,Zachary Franklin
b6810016-31dd-4bdd-b114-700690d14c2c,Cameron Webb
9d564090-d6fd-4951-b2b0-f9b816fd2f56,Chad Torres
e0bc4927-c610-4a2e-8ac0-03e2c57aa58f,Ashley Compton
4ec2c518-be83-4551-a3d2-9e433817fafd,Scott Santiago
6369c135-1000-42f4-bb09-29dfd19d21ce,Megan Johnson
07da837e-9daa-4238-9868-793407811def,Sharon Mejia
5ee2ff77-f34a-4d9f-920d-4612db559bde,Christopher Cannon
d318e9f7-31b9-41cd-adfc-35b2976f5d6f,Daniel Rogers
4897ad0f-6531-4a3f-a559-3028fc0bc9ae,Luis Jones
f9f9a194-9015-408a-bcbd-8fe22d3e2053,Megan Key
0447e2e5-f33c-4788-8d52-344a5bf09539,Rebecca Hoffman
e1452a02-2eab-4c4c-94c6-3b18e69cee37,Robert Robinson
8864b32e-8ba0-43d1-af2a-321bd5a3b1cb,David Johnson
963fd2fd-ea99-40cc-a14d-a3556f7a44e9,Austin Phillips
ef89bd6f-f5dc-4bb3-bccb-361a18ecaad2,Jill Cummings
6ed14696-ef3f-43c6-ba6f-b30f2c46c076,Logan Scott
8e86087f-83e4-483b-b12c-9b716a8554f1,Kaitlin Mueller
423590e8-dc34-454d-8156-2ab4ba0237b6,Joseph Mckinney
82e7516f-0e0a-44fc-9731-763cf4a9027e,Matthew Ponce
de8b73d5-0775-4476-9d13-d8e9a7091386,Jeremy Rogers
7ae91a46-808f-4d68-b0d0-5d8d69bda8b6,Chad Martinez
3fea1a0d-eb4b-4349-a001-1ad7026ec19c,Justin Williams
76777f7c-0407-4143-9171-22e56edcd773,Anthony Perez
8753fb9c-dbda-477c-8d4b-6be65b153f85,George Green
ef0147fc-e3f0-4275-8b60-ab18b0b62d95,Brenda Moreno
70ac5600-56cc-4e34-ba97-2f06fdfbe3b9,Patricia Cervantes
b33a59b3-c6a6-4e29-b9b3-d73b46075e1c,Dr. Chad Richardson
f52c46c1-f47d-4c1e-a819-76fa3fda24af,Daniel Brown
922ca7c3-b427-48ce-a81a-8986c74a816c,Alexander Young
2c51f06d-e132-4c05-a0f6-5592672358ca,Vincent Woodard
88984d14-1b76-4cba-9458-6da8ff891683,Rachel Baldwin
a4c5401f-2ff4-4c4d-933c-3910a1bd0be8,Courtney Miller
99c7f501-687b-4b56-8a34-37b31b943368,Mary Perez
e143d800-8961-451e-bf43-4a0a3ce54151,Justin Gutierrez
8e07105a-516d-43df-b35b-c803747e4026,Jody Washington
4248121b-6af3-48c5-a8bd-17306dcc7d8f,Christopher Smith
3794b3c7-6e39-4635-ab59-1a6852298f6e,Kathleen Valenzuela
320884eb-4202-483d-8de2-058fec60d58b,Caroline Barrera
59d27501-39eb-4f92-8050-fe6252e9d039,Angelica Roberts
8bd8d6f9-b1a1-453a-83ba-a9de609d97bd,Margaret Howard
06dcf51c-0074-4e63-9a7e-8c153f7b33ba,Kelsey Jones
d81fa4e4-80ea-48c8-b7c1-18a28f0e43ff,Joseph Hardy
9f5be9cc-cc9a-438b-bb49-1037e5acff8b,Hunter Pineda
d508b7e8-dd6c-4c7d-8e45-82642f06323c,William Hammond
41f37241-0401-4287-980d-d530dce2cceb,Cole Sheppard
107ff41d-3997-4918-9f02-669009d8ccd6,Valerie Rogers
86d1e47f-34fa-4f10-9b8c-d1c68bc54205,Ashley Navarro
3bab8d76-2703-4845-bcd3-3c9d3126272a,Lindsay King
ac855c4e-c5ff-4c99-839a-ceb7ffe8c48b,Dr. Kelly Little DVM
9ce8b036-5e79-4afc-aa02-b1ea73be5275,Angel Marks
7feb5b9a-c4b9-451b-b9c9-921d7b3d622d,Holly Hayes
aca4b34b-0f82-44f7-9372-411324198dee,Veronica Williams
fc8a12f5-4102-424a-aca9-aa1e4b945691,Dustin Anderson
98b640b3-e786-428c-8c2b-018ec7493325,Jacqueline Wood
6d6fd56e-5de9-4f06-804a-df4bde18f916,Brittany Sanchez
9e1f0a00-e93a-4ebd-8755-cad2eb4fc492,Brian Hahn
840ee4a2-048e-4ebf-8f0b-801f10100294,Michael West
d2936f3b-243f-42fc-8ade-8d08f345ed04,Angela Torres
a12f5dc1-5b97-4be8-afe0-fb3385bdf812,Theodore Ellis
24400739-7a78-45a6-a38e-c93499cded7b,Brian Medina
73efe176-cf5f-4425-9477-8ef7ddd7e486,Matthew Barrett
7d2a728e-59ad-4adc-aab8-daca1a53aa6f,William Ramirez
8170a127-e6be-4b58-99e8-62292a078a94,Jennifer Huynh
b0650264-74c2-498f-88cd-0754cf0c6363,Tanya West
cd6fe460-6327-405a-ade8-ec84a29f87de,Sandra Saunders
73fa5b73-5179-498d-b321-780e1067b499,Marc Richardson
7f216902-7e3e-40c8-924b-865b5896ce9d,Austin Rios
e86f4fe4-6220-4e79-b384-539ca279e7fd,John Ross
cd90b6ad-028c-4c29-b036-a06a35564c65,William Williams
add6b3ef-a2eb-4559-86f8-88d6de4e872c,Christine Gould
487d5170-a64b-44ea-a94b-27d51c2ae74f,Morgan Vang
c8fb6ec7-10c3-4056-bd4a-19cac4261f24,Carrie Collins
47dbc350-3694-4988-b74f-9e5b9e4bbaa1,Dakota Moss
6def04de-4c1c-482e-bef2-e7aafa780bfc,Melinda Pena
0b98b252-4ac4-49a3-8716-b1ba49afe7ef,Judy Cain
a237d05c-8720-42ab-848d-a43081d8e6b4,Denise Vaughn
d714790b-d60a-405a-a6e8-ee99057b396e,Jonathan Herrera
2cc03e30-6fa6-426d-8239-a1f33a9c0f3c,Cynthia Obrien
8deb24e7-b690-4488-918f-9f1a2d8fe75a,Cory Vang
3a146997-cb64-4c08-a769-61e742d94168,Mia Novak
2080fa30-d18a-4d37-aa8d-6c7539193534,Christina Smith
2a2501cd-a3a0-4dfb-a9be-6fbf1c565489,Anthony Todd
0d55fb6e-564d-4322-925f-f1d7f6d3e033,Gabrielle Mejia
0156facd-44fe-4976-a891-5108938a1128,Alexander Brewer
f816e323-8250-41cd-8987-b500b9367f08,Jonathan Thompson
345a6f28-3824-4acd-827c-e8d2bad4602f,Darrell Mccarthy
7aec5abb-2901-472b-8166-9a8ae8a227f9,Joanna Payne
98e48349-c913-4104-b85b-c08127e75068,Megan Brewer
42e89e9a-d5a0-43a9-89de-dcdadbc66910,Thomas Miller
4bff4590-c851-4e92-9fa1-e87ae69264e6,Lance Williams
ed203b70-87a7-4571-a04a-66e9e1be50dd,Michael Horne MD
88d63d03-8235-40c0-aa46-fb703740618b,Megan Walker
190ef3a1-f0a9-4fe8-840f-cd5d226a24bd,Vickie Farmer
a2f5984a-be90-4980-a624-836a51c1503f,Elizabeth Ingram
6b894817-a569-42d2-b723-435ca3d01952,Amanda Odom
e67975b6-9ee9-4453-8401-4bec2040d29f,Mr. Nicholas Cox
3b0710a1-5e4f-4d78-80bf-3469420aa5f6,Hector Blair
525c365f-127d-4ba1-a726-ba96ac048ddc,Sara Mahoney
ecb748df-ba40-401d-b5ce-b9a26cc45f4e,Michael Robinson
e13b77c2-3506-44e2-9437-a4c8e783987b,Brittany Ellis
fede1a83-cc4b-4f45-87ab-6c4bf67f5a13,Toni Miller
08070031-4603-49b0-9f11-14737e3107d9,Dwayne Dean
8271388d-a7d6-4736-86a2-dac84b079b36,Emily Sandoval
d1143885-bf4e-4c9a-a20a-2386dbf7004f,Drew Jones
d8b3bcda-717d-4757-8c67-e34aa65a7ada,Logan Richardson
1b0b704a-8a60-4356-bd26-12dac2ea3464,Ronald Fernandez
48eb093c-c758-4912-82ca-32e2c0fb90c4,Jeffrey Hernandez
8ff8325d-e8d5-4ebf-8eb4-4f57a297f633,Philip Long
5824e408-60dd-470e-bc99-1f2f85eaa5ad,Kristen Smith
1563fae7-3732-4da3-95f7-529b232281ed,Thomas Sanchez
6854fea5-f29c-441a-9bce-bd83ef17524d,Kathleen English
98bf8156-eae7-499b-b561-c2275808b08a,John Reed
6aa024f0-9ad2-4084-be15-eecd6b561e80,William Collins
56726b0d-22ff-4a19-a70a-1205069adb56,Thomas Lee
fef91b83-9a37-4ed4-93af-df27f5fddeaf,Tina Robinson
215a0dcd-b8fe-4b3f-aa61-dac5f732bd5f,Joshua Johnson
4aef154e-0c53-406b-b82a-01c60b4cc22f,Debbie Wilkinson
12b6aaeb-cd89-4df5-b7b3-679a6d6904d9,Mr. John Jones Jr.
40bbe0eb-6466-42aa-9577-feaa9cb7a964,George Hill
8177c66c-5677-4272-b397-21e62e52ab36,Bradley Nelson
78a01d51-cc43-4a55-8b2f-72b5a7478ab0,Shane Myers
60d4800c-521d-4035-96a5-78f927df120f,Randy Jackson
341710d6-2d40-4e3b-bc71-5e93ea7a6c3f,Emily Taylor
31cad1a9-fb58-46ef-b8ac-c5db7d96fabe,Brenda Smith
ba7e8f9e-602c-4753-8b15-ae86aa7cd6de,Jordan Chavez PhD
e6222ad0-093f-48c6-9c1e-1798ab28a0ee,Thomas Sweeney
794edd61-36d1-418e-9af5-0f805bde990a,Michelle Ryan
4340464c-e286-4f27-958c-1c2f338983ce,Raymond Barr
